setup core,runtime core,frequency,coverage,event,count,time
0,0,300000,100%,raw-ase-spec,124,12.913667
0,0,300000,100%,raw-br-immed-retired,"191,298,624",12.913667
0,0,300000,100%,raw-br-immed-spec,"191,298,624",12.913667
0,0,300000,100%,raw-br-indirect-spec,"1,071,112",12.913667
0,0,300000,100%,raw-br-mis-pred,"2,530,437",12.913667
0,0,300000,100%,raw-br-mis-pred-retired,"2,832,301",12.913667
0,0,300000,100%,raw-br-pred,"151,185,517",12.288583
0,0,300000,100%,raw-br-retired,"175,613,292",12.288583
0,0,300000,100%,raw-br-return-retired,"7,910,359",12.288583
0,0,300000,100%,raw-br-return-spec,"7,910,359",12.288583
0,0,300000,100%,raw-bus-access,"1,815,971,392",12.288583
0,0,300000,100%,raw-bus-access-normal,0,12.288583
0,0,300000,100%,raw-bus-access-not-shared,0,12.336404
0,0,300000,100%,raw-bus-access-periph,0,12.336404
0,0,300000,100%,raw-bus-access-rd,"875,750,609",12.336404
0,0,300000,100%,raw-bus-access-shared,0,12.336404
0,0,300000,100%,raw-bus-access-wr,"939,186,936",12.336404
0,0,300000,100%,raw-bus-cycles,"3,681,391,616",12.336404
0,0,300000,100%,raw-cid-write-retired,25,12.983056
0,0,300000,100%,raw-cnt-cycles,0,12.983056
0,0,300000,100%,raw-cpu-cycles,"3,875,103,542",12.983056
0,0,300000,100%,raw-crypto-spec,0,12.983056
0,0,300000,100%,raw-dmb-spec,0,12.983056
0,0,300000,100%,raw-dp-spec,"508,242,348",12.313939
0,0,300000,100%,raw-dsb-spec,0,12.313939
0,0,300000,100%,raw-dtlb-walk,"3,599,332",12.313939
0,0,300000,100%,raw-exc-dabort,0,12.313939
0,0,300000,100%,raw-exc-fiq,1,12.313939
0,0,300000,100%,raw-exc-hvc,0,12.313939
0,0,300000,100%,raw-exc-irq,"3,709",12.339876
0,0,300000,100%,raw-exc-pabort,0,12.339876
0,0,300000,100%,raw-exc-return,"266,266",12.339876
0,0,300000,100%,raw-exc-smc,0,12.339876
0,0,300000,100%,raw-exc-svc,0,12.339876
0,0,300000,100%,raw-exc-taken,"266,268",12.339876
0,0,300000,100%,raw-exc-trap-dabort,0,12.305793
0,0,300000,100%,raw-exc-trap-fiq,0,12.305793
0,0,300000,100%,raw-exc-trap-irq,0,12.305793
0,0,300000,100%,raw-exc-trap-other,0,12.305793
0,0,300000,100%,raw-exc-trap-pabort,0,12.305793
0,0,300000,100%,raw-exc-undef,0,12.305793
0,0,300000,100%,raw-inst-retired,"1,989,625,960",12.922603
0,0,300000,100%,raw-inst-spec,"2,005,598,541",12.922603
0,0,300000,100%,raw-isb-spec,0,12.922603
0,0,300000,100%,raw-itlb-walk,"17,092",12.922603
0,0,300000,100%,raw-l1d-cache,"926,199,751",12.922603
0,0,300000,100%,raw-l1d-cache-allocate,0,12.922603
0,0,300000,100%,raw-l1d-cache-inval,0,12.918877
0,0,300000,100%,raw-l1d-cache-lmiss-rd,0,12.918877
0,0,300000,100%,raw-l1d-cache-rd,"764,992,605",12.918877
0,0,300000,100%,raw-l1d-cache-refill,"54,370,364",12.918877
0,0,300000,100%,raw-l1d-cache-refill-inner,"45,551,091",12.918877
0,0,300000,100%,raw-l1d-cache-refill-outer,"13,865,158",12.918877
0,0,300000,100%,raw-l1d-cache-refill-rd,"30,334,506",12.303644
0,0,300000,100%,raw-l1d-cache-refill-wr,"23,725,517",12.303644
0,0,300000,100%,raw-l1d-cache-wb,"252,436,053",12.303644
0,0,300000,100%,raw-l1d-cache-wb-clean,0,12.303644
0,0,300000,100%,raw-l1d-cache-wb-victim,0,12.303644
0,0,300000,100%,raw-l1d-cache-wr,"160,915,705",12.303644
0,0,300000,100%,raw-l1d-tlb,"841,940,870",12.275255
0,0,300000,100%,raw-l1d-tlb-rd,0,12.275255
0,0,300000,100%,raw-l1d-tlb-refill,"13,451,216",12.275255
0,0,300000,100%,raw-l1d-tlb-refill-rd,0,12.275255
0,0,300000,100%,raw-l1d-tlb-refill-wr,0,12.275255
0,0,300000,100%,raw-l1d-tlb-wr,0,12.275255
0,0,300000,100%,raw-l1i-cache,"1,060,072,638",12.283247
0,0,300000,100%,raw-l1i-cache-lmiss,0,12.283247
0,0,300000,100%,raw-l1i-cache-refill,"2,238,791",12.283247
0,0,300000,100%,raw-l1i-tlb,"1,140,196,331",12.283247
0,0,300000,100%,raw-l1i-tlb-refill,"452,431",12.283247
0,0,300000,100%,raw-l2d-cache,"532,015,529",12.283247
0,0,300000,100%,raw-l2d-cache-allocate,"274,645,213",12.299223
0,0,300000,100%,raw-l2d-cache-inval,0,12.299223
0,0,300000,100%,raw-l2d-cache-lmiss-rd,0,12.299223
0,0,300000,100%,raw-l2d-cache-rd,"256,473,691",12.299223
0,0,300000,100%,raw-l2d-cache-refill,"218,872,025",12.299223
0,0,300000,100%,raw-l2d-cache-refill-rd,"217,958,886",12.299223
0,0,300000,100%,raw-l2d-cache-refill-wr,"898,189",12.930260
0,0,300000,100%,raw-l2d-cache-wb,"232,727,017",12.930260
0,0,300000,100%,raw-l2d-cache-wb-clean,0,12.930260
0,0,300000,100%,raw-l2d-cache-wb-victim,0,12.930260
0,0,300000,100%,raw-l2d-cache-wr,"275,891,503",12.930260
0,0,300000,100%,raw-l2d-tlb,"16,669,318",12.930260
0,0,300000,100%,raw-l2d-tlb-rd,0,12.290737
0,0,300000,100%,raw-l2d-tlb-refill,"3,617,935",12.290737
0,0,300000,100%,raw-l2d-tlb-refill-rd,0,12.290737
0,0,300000,100%,raw-l2d-tlb-refill-wr,0,12.290737
0,0,300000,100%,raw-l2d-tlb-wr,0,12.290737
0,0,300000,100%,raw-l2i-cache,0,12.290737
0,0,300000,100%,raw-l2i-cache-lmiss,0,12.958721
0,0,300000,100%,raw-l2i-cache-refill,0,12.958721
0,0,300000,100%,raw-l2i-tlb,0,12.958721
0,0,300000,100%,raw-l2i-tlb-refill,0,12.958721
0,0,300000,100%,raw-l3d-cache,"451,793,162",12.958721
0,0,300000,100%,raw-l3d-cache-allocate,"232,282,710",12.958721
0,0,300000,100%,raw-l3d-cache-inval,0,12.952718
0,0,300000,100%,raw-l3d-cache-lmiss-rd,0,12.952718
0,0,300000,100%,raw-l3d-cache-rd,"219,281,682",12.952718
0,0,300000,100%,raw-l3d-cache-refill,"110,918,751",12.952718
0,0,300000,100%,raw-l3d-cache-refill-rd,"110,918,751",12.952718
0,0,300000,100%,raw-l3d-cache-refill-wr,0,12.952718
0,0,300000,100%,raw-l3d-cache-wb,0,12.283052
0,0,300000,100%,raw-l3d-cache-wb-clean,0,12.283052
0,0,300000,100%,raw-l3d-cache-wb-victim,0,12.283052
0,0,300000,100%,raw-l3d-cache-wr,0,12.283052
0,0,300000,100%,raw-ld-retired,"650,526,309",12.283052
0,0,300000,100%,raw-ld-spec,"651,375,276",12.283052
0,0,300000,100%,raw-ldrex-spec,0,12.328664
0,0,300000,100%,raw-ldst-spec,"1,202,432,896",12.328664
0,0,300000,100%,raw-ll-cache,0,12.328664
0,0,300000,100%,raw-ll-cache-miss,0,12.328664
0,0,300000,100%,raw-ll-cache-miss-rd,"111,825,320",12.328664
0,0,300000,100%,raw-ll-cache-rd,"218,864,249",12.328664
0,0,300000,100%,raw-mem-access,"1,302,787,764",12.327276
0,0,300000,100%,raw-mem-access-rd,"679,387,165",12.327276
0,0,300000,100%,raw-mem-access-wr,"623,400,599",12.327276
0,0,300000,100%,raw-memory-error,0,12.327276
0,0,300000,100%,raw-op-retired,0,12.327276
0,0,300000,100%,raw-op-spec,0,12.327276
0,0,300000,100%,raw-pc-write-retired,"135,360,328",12.983154
0,0,300000,100%,raw-pc-write-spec,"206,783,109",12.983154
0,0,300000,100%,raw-rc-ld-spec,0,12.983154
0,0,300000,100%,raw-rc-st-spec,0,12.983154
0,0,300000,100%,raw-remote-access,0,12.983154
0,0,300000,100%,raw-remote-access-rd,0,12.983154
0,0,300000,100%,raw-sample-collision,0,12.896746
0,0,300000,100%,raw-sample-feed,0,12.896746
0,0,300000,100%,raw-sample-filtrate,0,12.896746
0,0,300000,100%,raw-sample-pop,0,12.896746
0,0,300000,100%,raw-st-retired,"522,881,213",12.896746
0,0,300000,100%,raw-st-spec,"551,550,840",12.896746
0,0,300000,100%,raw-stall,0,12.889669
0,0,300000,100%,raw-stall-backend,"2,428,343,897",12.889669
0,0,300000,100%,raw-stall-backend-mem,0,12.889669
0,0,300000,100%,raw-stall-frontend,"75,756,655",12.889669
0,0,300000,100%,raw-stall-slot,0,12.889669
0,0,300000,100%,raw-stall-slot-backend,0,12.889669
0,0,300000,100%,raw-stall-slot-frontend,0,12.915519
0,0,300000,100%,raw-strex-fail-spec,0,12.915519
0,0,300000,100%,raw-strex-pass-spec,0,12.915519
0,0,300000,100%,raw-strex-spec,0,12.915519
0,0,300000,100%,raw-sve-inst-retired,0,12.915519
0,0,300000,100%,raw-sve-inst-spec,0,12.915519
0,0,300000,100%,raw-sw-incr,0,12.910570
0,0,300000,100%,raw-ttbr-write-retired,75,12.910570
0,0,300000,100%,raw-unaligned-ld-spec,0,12.910570
0,0,300000,100%,raw-unaligned-ldst-retired,"25,340,875",12.910570
0,0,300000,100%,raw-unaligned-ldst-spec,0,12.910570
0,0,300000,100%,raw-unaligned-st-spec,0,12.910570
0,0,300000,100%,raw-vfp-spec,"4,430",16.730561
0,0,1036800,100%,raw-ase-spec,123,5.425833
0,0,1036800,100%,raw-br-immed-retired,"213,091,973",5.425833
0,0,1036800,100%,raw-br-immed-spec,"213,091,973",5.425833
0,0,1036800,100%,raw-br-indirect-spec,"1,262,499",5.425833
0,0,1036800,100%,raw-br-mis-pred,"2,008,638",5.425833
0,0,1036800,100%,raw-br-mis-pred-retired,"2,312,276",5.425833
0,0,1036800,100%,raw-br-pred,"193,564,278",5.434456
0,0,1036800,100%,raw-br-retired,"221,398,124",5.434456
0,0,1036800,100%,raw-br-return-retired,"8,565,293",5.434456
0,0,1036800,100%,raw-br-return-spec,"8,565,293",5.434456
0,0,1036800,100%,raw-bus-access,"1,791,103,390",5.434456
0,0,1036800,100%,raw-bus-access-normal,0,5.434456
0,0,1036800,100%,raw-bus-access-not-shared,0,5.429691
0,0,1036800,100%,raw-bus-access-periph,0,5.429691
0,0,1036800,100%,raw-bus-access-rd,"865,090,351",5.429691
0,0,1036800,100%,raw-bus-access-shared,0,5.429691
0,0,1036800,100%,raw-bus-access-wr,"928,021,947",5.429691
0,0,1036800,100%,raw-bus-cycles,"5,614,318,037",5.429691
0,0,1036800,100%,raw-cid-write-retired,13,5.432386
0,0,1036800,100%,raw-cnt-cycles,0,5.432386
0,0,1036800,100%,raw-cpu-cycles,"5,617,631,373",5.432386
0,0,1036800,100%,raw-crypto-spec,0,5.432386
0,0,1036800,100%,raw-dmb-spec,0,5.432386
0,0,1036800,100%,raw-dp-spec,"564,838,319",5.449103
0,0,1036800,100%,raw-dsb-spec,0,5.449103
0,0,1036800,100%,raw-dtlb-walk,"3,581,326",5.449103
0,0,1036800,100%,raw-exc-dabort,0,5.449103
0,0,1036800,100%,raw-exc-fiq,1,5.449103
0,0,1036800,100%,raw-exc-hvc,0,5.449103
0,0,1036800,100%,raw-exc-irq,"1,628",5.423135
0,0,1036800,100%,raw-exc-pabort,0,5.423135
0,0,1036800,100%,raw-exc-return,"264,184",5.423135
0,0,1036800,100%,raw-exc-smc,0,5.423135
0,0,1036800,100%,raw-exc-svc,0,5.423135
0,0,1036800,100%,raw-exc-taken,"264,185",5.423135
0,0,1036800,100%,raw-exc-trap-dabort,0,5.435826
0,0,1036800,100%,raw-exc-trap-fiq,0,5.435826
0,0,1036800,100%,raw-exc-trap-irq,0,5.435826
0,0,1036800,100%,raw-exc-trap-other,0,5.435826
0,0,1036800,100%,raw-exc-trap-pabort,0,5.435826
0,0,1036800,100%,raw-exc-undef,0,5.435826
0,0,1036800,100%,raw-inst-retired,"2,092,530,416",5.449171
0,0,1036800,100%,raw-inst-spec,"2,107,378,769",5.449171
0,0,1036800,100%,raw-isb-spec,0,5.449171
0,0,1036800,100%,raw-itlb-walk,"9,622",5.449171
0,0,1036800,100%,raw-l1d-cache,"983,414,521",5.449171
0,0,1036800,100%,raw-l1d-cache-allocate,0,5.449171
0,0,1036800,100%,raw-l1d-cache-inval,0,5.436515
0,0,1036800,100%,raw-l1d-cache-lmiss-rd,0,5.436515
0,0,1036800,100%,raw-l1d-cache-rd,"820,900,794",5.436515
0,0,1036800,100%,raw-l1d-cache-refill,"79,746,381",5.436515
0,0,1036800,100%,raw-l1d-cache-refill-inner,"76,544,105",5.436515
0,0,1036800,100%,raw-l1d-cache-refill-outer,"8,311,302",5.436515
0,0,1036800,100%,raw-l1d-cache-refill-rd,"67,125,631",5.425253
0,0,1036800,100%,raw-l1d-cache-refill-wr,"12,562,265",5.425253
0,0,1036800,100%,raw-l1d-cache-wb,"239,737,294",5.425253
0,0,1036800,100%,raw-l1d-cache-wb-clean,0,5.425253
0,0,1036800,100%,raw-l1d-cache-wb-victim,0,5.425253
0,0,1036800,100%,raw-l1d-cache-wr,"161,058,355",5.425253
0,0,1036800,100%,raw-l1d-tlb,"980,995,878",5.431943
0,0,1036800,100%,raw-l1d-tlb-rd,0,5.431943
0,0,1036800,100%,raw-l1d-tlb-refill,"12,766,747",5.431943
0,0,1036800,100%,raw-l1d-tlb-refill-rd,0,5.431943
0,0,1036800,100%,raw-l1d-tlb-refill-wr,0,5.431943
0,0,1036800,100%,raw-l1d-tlb-wr,0,5.431943
0,0,1036800,100%,raw-l1i-cache,"1,196,760,783",5.429801
0,0,1036800,100%,raw-l1i-cache-lmiss,0,5.429801
0,0,1036800,100%,raw-l1i-cache-refill,"976,249",5.429801
0,0,1036800,100%,raw-l1i-tlb,"1,274,231,225",5.429801
0,0,1036800,100%,raw-l1i-tlb-refill,"370,502",5.429801
0,0,1036800,100%,raw-l2d-cache,"503,088,157",5.429801
0,0,1036800,100%,raw-l2d-cache-allocate,"261,172,527",5.425097
0,0,1036800,100%,raw-l2d-cache-inval,0,5.425097
0,0,1036800,100%,raw-l2d-cache-lmiss-rd,0,5.425097
0,0,1036800,100%,raw-l2d-cache-rd,"240,991,866",5.425097
0,0,1036800,100%,raw-l2d-cache-refill,"216,179,887",5.425097
0,0,1036800,100%,raw-l2d-cache-refill-rd,"215,259,714",5.425097
0,0,1036800,100%,raw-l2d-cache-refill-wr,"947,613",5.432011
0,0,1036800,100%,raw-l2d-cache-wb,"230,057,660",5.432011
0,0,1036800,100%,raw-l2d-cache-wb-clean,0,5.432011
0,0,1036800,100%,raw-l2d-cache-wb-victim,0,5.432011
0,0,1036800,100%,raw-l2d-cache-wr,"261,932,806",5.432011
0,0,1036800,100%,raw-l2d-tlb,"14,967,391",5.432011
0,0,1036800,100%,raw-l2d-tlb-rd,0,5.430899
0,0,1036800,100%,raw-l2d-tlb-refill,"3,589,515",5.430899
0,0,1036800,100%,raw-l2d-tlb-refill-rd,0,5.430899
0,0,1036800,100%,raw-l2d-tlb-refill-wr,0,5.430899
0,0,1036800,100%,raw-l2d-tlb-wr,0,5.430899
0,0,1036800,100%,raw-l2i-cache,0,5.430899
0,0,1036800,100%,raw-l2i-cache-lmiss,0,5.425364
0,0,1036800,100%,raw-l2i-cache-refill,0,5.425364
0,0,1036800,100%,raw-l2i-tlb,0,5.425364
0,0,1036800,100%,raw-l2i-tlb-refill,0,5.425364
0,0,1036800,100%,raw-l3d-cache,"446,659,827",5.425364
0,0,1036800,100%,raw-l3d-cache-allocate,"229,945,186",5.425364
0,0,1036800,100%,raw-l3d-cache-inval,0,5.420210
0,0,1036800,100%,raw-l3d-cache-lmiss-rd,0,5.420210
0,0,1036800,100%,raw-l3d-cache-rd,"216,498,708",5.420210
0,0,1036800,100%,raw-l3d-cache-refill,"126,030,812",5.420210
0,0,1036800,100%,raw-l3d-cache-refill-rd,"126,030,812",5.420210
0,0,1036800,100%,raw-l3d-cache-refill-wr,0,5.420210
0,0,1036800,100%,raw-l3d-cache-wb,0,5.425006
0,0,1036800,100%,raw-l3d-cache-wb-clean,0,5.425006
0,0,1036800,100%,raw-l3d-cache-wb-victim,0,5.425006
0,0,1036800,100%,raw-l3d-cache-wr,0,5.425006
0,0,1036800,100%,raw-ld-retired,"790,620,373",5.425006
0,0,1036800,100%,raw-ld-spec,"792,011,441",5.425006
0,0,1036800,100%,raw-ldrex-spec,0,5.437068
0,0,1036800,100%,raw-ldst-spec,"1,341,295,469",5.437068
0,0,1036800,100%,raw-ll-cache,0,5.437068
0,0,1036800,100%,raw-ll-cache-miss,0,5.437068
0,0,1036800,100%,raw-ll-cache-miss-rd,"126,428,999",5.437068
0,0,1036800,100%,raw-ll-cache-rd,"217,098,259",5.437068
0,0,1036800,100%,raw-mem-access,"1,437,368,638",5.412491
0,0,1036800,100%,raw-mem-access-rd,"814,589,761",5.412491
0,0,1036800,100%,raw-mem-access-wr,"622,778,877",5.412491
0,0,1036800,100%,raw-memory-error,0,5.412491
0,0,1036800,100%,raw-op-retired,0,5.412491
0,0,1036800,100%,raw-op-spec,0,5.412491
0,0,1036800,100%,raw-pc-write-retired,"157,980,919",5.439738
0,0,1036800,100%,raw-pc-write-spec,"226,873,480",5.439738
0,0,1036800,100%,raw-rc-ld-spec,0,5.439738
0,0,1036800,100%,raw-rc-st-spec,0,5.439738
0,0,1036800,100%,raw-remote-access,0,5.439738
0,0,1036800,100%,raw-remote-access-rd,0,5.439738
0,0,1036800,100%,raw-sample-collision,0,5.427455
0,0,1036800,100%,raw-sample-feed,0,5.427455
0,0,1036800,100%,raw-sample-filtrate,0,5.427455
0,0,1036800,100%,raw-sample-pop,0,5.427455
0,0,1036800,100%,raw-st-retired,"521,097,096",5.427455
0,0,1036800,100%,raw-st-spec,"549,991,864",5.427455
0,0,1036800,100%,raw-stall,0,5.426159
0,0,1036800,100%,raw-stall-backend,"4,115,687,123",5.426159
0,0,1036800,100%,raw-stall-backend-mem,0,5.426159
0,0,1036800,100%,raw-stall-frontend,"77,785,504",5.426159
0,0,1036800,100%,raw-stall-slot,0,5.426159
0,0,1036800,100%,raw-stall-slot-backend,0,5.426159
0,0,1036800,100%,raw-stall-slot-frontend,0,5.412192
0,0,1036800,100%,raw-strex-fail-spec,0,5.412192
0,0,1036800,100%,raw-strex-pass-spec,0,5.412192
0,0,1036800,100%,raw-strex-spec,0,5.412192
0,0,1036800,100%,raw-sve-inst-retired,0,5.412192
0,0,1036800,100%,raw-sve-inst-spec,0,5.412192
0,0,1036800,100%,raw-sw-incr,0,5.449968
0,0,1036800,100%,raw-ttbr-write-retired,45,5.449968
0,0,1036800,100%,raw-unaligned-ld-spec,0,5.449968
0,0,1036800,100%,raw-unaligned-ldst-retired,"25,338,820",5.449968
0,0,1036800,100%,raw-unaligned-ldst-spec,0,5.449968
0,0,1036800,100%,raw-unaligned-st-spec,0,5.449968
0,0,1036800,100%,raw-vfp-spec,"3,242",5.420863
0,0,1785600,100%,raw-ase-spec,121,4.787629
0,0,1785600,100%,raw-br-immed-retired,"259,065,263",4.787629
0,0,1785600,100%,raw-br-immed-spec,"259,065,263",4.787629
0,0,1785600,100%,raw-br-indirect-spec,"1,652,287",4.787629
0,0,1785600,100%,raw-br-mis-pred,"1,985,316",4.787629
0,0,1785600,100%,raw-br-mis-pred-retired,"2,288,964",4.787629
0,0,1785600,100%,raw-br-pred,"243,484,572",4.771765
0,0,1785600,100%,raw-br-retired,"271,787,728",4.771765
0,0,1785600,100%,raw-br-return-retired,"9,387,611",4.771765
0,0,1785600,100%,raw-br-return-spec,"9,387,611",4.771765
0,0,1785600,100%,raw-bus-access,"1,791,216,462",4.771765
0,0,1785600,100%,raw-bus-access-normal,0,4.771765
0,0,1785600,100%,raw-bus-access-not-shared,0,4.792393
0,0,1785600,100%,raw-bus-access-periph,0,4.792393
0,0,1785600,100%,raw-bus-access-rd,"863,994,771",4.792393
0,0,1785600,100%,raw-bus-access-shared,0,4.792393
0,0,1785600,100%,raw-bus-access-wr,"926,814,721",4.792393
0,0,1785600,100%,raw-bus-cycles,"8,538,685,307",4.792393
0,0,1785600,100%,raw-cid-write-retired,13,4.786002
0,0,1785600,100%,raw-cnt-cycles,0,4.786002
0,0,1785600,100%,raw-cpu-cycles,"8,528,395,991",4.786002
0,0,1785600,100%,raw-crypto-spec,0,4.786002
0,0,1785600,100%,raw-dmb-spec,0,4.786002
0,0,1785600,100%,raw-dp-spec,"628,742,961",4.777452
0,0,1785600,100%,raw-dsb-spec,0,4.777452
0,0,1785600,100%,raw-dtlb-walk,"3,579,075",4.777452
0,0,1785600,100%,raw-exc-dabort,0,4.777452
0,0,1785600,100%,raw-exc-fiq,1,4.777452
0,0,1785600,100%,raw-exc-hvc,0,4.777452
0,0,1785600,100%,raw-exc-irq,"1,444",4.807774
0,0,1785600,100%,raw-exc-pabort,0,4.807774
0,0,1785600,100%,raw-exc-return,"264,000",4.807774
0,0,1785600,100%,raw-exc-smc,0,4.807774
0,0,1785600,100%,raw-exc-svc,0,4.807774
0,0,1785600,100%,raw-exc-taken,"264,001",4.807774
0,0,1785600,100%,raw-exc-trap-dabort,0,4.791560
0,0,1785600,100%,raw-exc-trap-fiq,0,4.791560
0,0,1785600,100%,raw-exc-trap-irq,0,4.791560
0,0,1785600,100%,raw-exc-trap-other,0,4.791560
0,0,1785600,100%,raw-exc-trap-pabort,0,4.791560
0,0,1785600,100%,raw-exc-undef,0,4.791560
0,0,1785600,100%,raw-inst-retired,"2,349,770,890",4.789592
0,0,1785600,100%,raw-inst-spec,"2,364,837,756",4.789592
0,0,1785600,100%,raw-isb-spec,0,4.789592
0,0,1785600,100%,raw-itlb-walk,"8,664",4.789592
0,0,1785600,100%,raw-l1d-cache,"1,129,559,802",4.789592
0,0,1785600,100%,raw-l1d-cache-allocate,0,4.789592
0,0,1785600,100%,raw-l1d-cache-inval,0,4.793654
0,0,1785600,100%,raw-l1d-cache-lmiss-rd,0,4.793654
0,0,1785600,100%,raw-l1d-cache-rd,"966,366,346",4.793654
0,0,1785600,100%,raw-l1d-cache-refill,"82,275,777",4.793654
0,0,1785600,100%,raw-l1d-cache-refill-inner,"77,802,429",4.793654
0,0,1785600,100%,raw-l1d-cache-refill-outer,"9,147,726",4.793654
0,0,1785600,100%,raw-l1d-cache-refill-rd,"68,145,947",4.794622
0,0,1785600,100%,raw-l1d-cache-refill-wr,"13,775,793",4.794622
0,0,1785600,100%,raw-l1d-cache-wb,"238,777,564",4.794622
0,0,1785600,100%,raw-l1d-cache-wb-clean,0,4.794622
0,0,1785600,100%,raw-l1d-cache-wb-victim,0,4.794622
0,0,1785600,100%,raw-l1d-cache-wr,"162,911,658",4.794622
0,0,1785600,100%,raw-l1d-tlb,"1,129,331,779",4.805311
0,0,1785600,100%,raw-l1d-tlb-rd,0,4.805311
0,0,1785600,100%,raw-l1d-tlb-refill,"12,706,672",4.805311
0,0,1785600,100%,raw-l1d-tlb-refill-rd,0,4.805311
0,0,1785600,100%,raw-l1d-tlb-refill-wr,0,4.805311
0,0,1785600,100%,raw-l1d-tlb-wr,0,4.805311
0,0,1785600,100%,raw-l1i-cache,"1,350,472,507",4.799363
0,0,1785600,100%,raw-l1i-cache-lmiss,0,4.799363
0,0,1785600,100%,raw-l1i-cache-refill,"859,093",4.799363
0,0,1785600,100%,raw-l1i-tlb,"1,457,689,699",4.799363
0,0,1785600,100%,raw-l1i-tlb-refill,"393,019",4.799363
0,0,1785600,100%,raw-l2d-cache,"502,494,964",4.799363
0,0,1785600,100%,raw-l2d-cache-allocate,"260,479,720",4.797521
0,0,1785600,100%,raw-l2d-cache-inval,0,4.797521
0,0,1785600,100%,raw-l2d-cache-lmiss-rd,0,4.797521
0,0,1785600,100%,raw-l2d-cache-rd,"240,805,517",4.797521
0,0,1785600,100%,raw-l2d-cache-refill,"216,476,900",4.797521
0,0,1785600,100%,raw-l2d-cache-refill-rd,"215,561,995",4.797521
0,0,1785600,100%,raw-l2d-cache-refill-wr,"919,856",4.801305
0,0,1785600,100%,raw-l2d-cache-wb,"229,941,514",4.801305
0,0,1785600,100%,raw-l2d-cache-wb-clean,0,4.801305
0,0,1785600,100%,raw-l2d-cache-wb-victim,0,4.801305
0,0,1785600,100%,raw-l2d-cache-wr,"261,378,550",4.801305
0,0,1785600,100%,raw-l2d-tlb,"15,489,898",4.801305
0,0,1785600,100%,raw-l2d-tlb-rd,0,4.791768
0,0,1785600,100%,raw-l2d-tlb-refill,"3,586,611",4.791768
0,0,1785600,100%,raw-l2d-tlb-refill-rd,0,4.791768
0,0,1785600,100%,raw-l2d-tlb-refill-wr,0,4.791768
0,0,1785600,100%,raw-l2d-tlb-wr,0,4.791768
0,0,1785600,100%,raw-l2i-cache,0,4.791768
0,0,1785600,100%,raw-l2i-cache-lmiss,0,4.789242
0,0,1785600,100%,raw-l2i-cache-refill,0,4.789242
0,0,1785600,100%,raw-l2i-tlb,0,4.789242
0,0,1785600,100%,raw-l2i-tlb-refill,0,4.789242
0,0,1785600,100%,raw-l3d-cache,"447,122,716",4.789242
0,0,1785600,100%,raw-l3d-cache-allocate,"229,841,172",4.789242
0,0,1785600,100%,raw-l3d-cache-inval,0,4.801959
0,0,1785600,100%,raw-l3d-cache-lmiss-rd,0,4.801959
0,0,1785600,100%,raw-l3d-cache-rd,"215,829,810",4.801959
0,0,1785600,100%,raw-l3d-cache-refill,"132,342,872",4.801959
0,0,1785600,100%,raw-l3d-cache-refill-rd,"132,342,872",4.801959
0,0,1785600,100%,raw-l3d-cache-refill-wr,0,4.801959
0,0,1785600,100%,raw-l3d-cache-wb,0,4.784972
0,0,1785600,100%,raw-l3d-cache-wb-clean,0,4.784972
0,0,1785600,100%,raw-l3d-cache-wb-victim,0,4.784972
0,0,1785600,100%,raw-l3d-cache-wr,0,4.784972
0,0,1785600,100%,raw-ld-retired,"933,129,404",4.784972
0,0,1785600,100%,raw-ld-spec,"935,275,072",4.784972
0,0,1785600,100%,raw-ldrex-spec,0,4.801568
0,0,1785600,100%,raw-ldst-spec,"1,487,669,655",4.801568
0,0,1785600,100%,raw-ll-cache,0,4.801568
0,0,1785600,100%,raw-ll-cache-miss,0,4.801568
0,0,1785600,100%,raw-ll-cache-miss-rd,"132,517,139",4.801568
0,0,1785600,100%,raw-ll-cache-rd,"216,643,715",4.801568
0,0,1785600,100%,raw-mem-access,"1,585,121,385",4.794400
0,0,1785600,100%,raw-mem-access-rd,"960,977,192",4.794400
0,0,1785600,100%,raw-mem-access-wr,"624,144,193",4.794400
0,0,1785600,100%,raw-memory-error,0,4.794400
0,0,1785600,100%,raw-op-retired,0,4.794400
0,0,1785600,100%,raw-op-spec,0,4.794400
0,0,1785600,100%,raw-pc-write-retired,"202,832,027",4.802255
0,0,1785600,100%,raw-pc-write-spec,"273,118,234",4.802255
0,0,1785600,100%,raw-rc-ld-spec,0,4.802255
0,0,1785600,100%,raw-rc-st-spec,0,4.802255
0,0,1785600,100%,raw-remote-access,0,4.802255
0,0,1785600,100%,raw-remote-access-rd,0,4.802255
0,0,1785600,100%,raw-sample-collision,0,4.783979
0,0,1785600,100%,raw-sample-feed,0,4.783979
0,0,1785600,100%,raw-sample-filtrate,0,4.783979
0,0,1785600,100%,raw-sample-pop,0,4.783979
0,0,1785600,100%,raw-st-retired,"522,499,133",4.783979
0,0,1785600,100%,raw-st-spec,"552,151,991",4.783979
0,0,1785600,100%,raw-stall,0,4.783403
0,0,1785600,100%,raw-stall-backend,"6,805,133,936",4.783403
0,0,1785600,100%,raw-stall-backend-mem,0,4.783403
0,0,1785600,100%,raw-stall-frontend,"97,797,614",4.783403
0,0,1785600,100%,raw-stall-slot,0,4.783403
0,0,1785600,100%,raw-stall-slot-backend,0,4.783403
0,0,1785600,100%,raw-stall-slot-frontend,0,4.799970
0,0,1785600,100%,raw-strex-fail-spec,0,4.799970
0,0,1785600,100%,raw-strex-pass-spec,0,4.799970
0,0,1785600,100%,raw-strex-spec,0,4.799970
0,0,1785600,100%,raw-sve-inst-retired,0,4.799970
0,0,1785600,100%,raw-sve-inst-spec,0,4.799970
0,0,1785600,100%,raw-sw-incr,0,4.809547
0,0,1785600,100%,raw-ttbr-write-retired,39,4.809547
0,0,1785600,100%,raw-unaligned-ld-spec,0,4.809547
0,0,1785600,100%,raw-unaligned-ldst-retired,"25,338,807",4.809547
0,0,1785600,100%,raw-unaligned-ldst-spec,0,4.809547
0,0,1785600,100%,raw-unaligned-st-spec,0,4.809547
0,0,1785600,100%,raw-vfp-spec,"3,192",4.774296
4,4,710400,100%,raw-ase-spec,152,2.804303
4,4,710400,100%,raw-br-immed-retired,0,2.804303
4,4,710400,100%,raw-br-immed-spec,"173,946,794",2.804303
4,4,710400,100%,raw-br-indirect-spec,"9,733,316",2.804303
4,4,710400,100%,raw-br-mis-pred,"385,367",2.804303
4,4,710400,100%,raw-br-mis-pred-retired,"616,590",2.804303
4,4,710400,100%,raw-br-pred,"216,298,371",3.463235
4,4,710400,100%,raw-br-retired,"212,354,613",3.463235
4,4,710400,100%,raw-br-return-retired,0,3.463235
4,4,710400,100%,raw-br-return-spec,"9,437,739",3.463235
4,4,710400,100%,raw-bus-access,"1,840,679,527",3.463235
4,4,710400,100%,raw-bus-access-normal,0,3.463235
4,4,710400,100%,raw-bus-access-not-shared,0,2.826062
4,4,710400,100%,raw-bus-access-periph,0,2.826062
4,4,710400,100%,raw-bus-access-rd,"920,284,218",2.826062
4,4,710400,100%,raw-bus-access-shared,0,2.826062
4,4,710400,100%,raw-bus-access-wr,"919,781,794",2.826062
4,4,710400,100%,raw-bus-cycles,"2,000,755,802",2.826062
4,4,710400,100%,raw-cid-write-retired,9,2.818921
4,4,710400,100%,raw-cnt-cycles,0,2.818921
4,4,710400,100%,raw-cpu-cycles,"1,996,088,642",2.818921
4,4,710400,100%,raw-crypto-spec,0,2.818921
4,4,710400,100%,raw-dmb-spec,"1,412,481",2.818921
4,4,710400,100%,raw-dp-spec,"570,982,904",3.449494
4,4,710400,100%,raw-dsb-spec,"10,589",3.449494
4,4,710400,100%,raw-dtlb-walk,"3,556,450",3.449494
4,4,710400,100%,raw-exc-dabort,"262,180",3.449494
4,4,710400,100%,raw-exc-fiq,0,3.449494
4,4,710400,100%,raw-exc-hvc,0,3.449494
4,4,710400,100%,raw-exc-irq,"1,404",3.508315
4,4,710400,100%,raw-exc-pabort,12,3.508315
4,4,710400,100%,raw-exc-return,"264,063",3.508315
4,4,710400,100%,raw-exc-smc,0,3.508315
4,4,710400,100%,raw-exc-svc,456,3.508315
4,4,710400,100%,raw-exc-taken,"264,064",3.508315
4,4,710400,100%,raw-exc-trap-dabort,0,3.410904
4,4,710400,100%,raw-exc-trap-fiq,0,3.410904
4,4,710400,100%,raw-exc-trap-irq,0,3.410904
4,4,710400,100%,raw-exc-trap-other,9,3.410904
4,4,710400,100%,raw-exc-trap-pabort,0,3.410904
4,4,710400,100%,raw-exc-undef,13,3.410904
4,4,710400,100%,raw-inst-retired,"1,858,754,181",2.823918
4,4,710400,100%,raw-inst-spec,"1,899,508,232",2.823918
4,4,710400,100%,raw-isb-spec,"572,432",2.823918
4,4,710400,100%,raw-itlb-walk,745,2.823918
4,4,710400,100%,raw-l1d-cache,"1,212,927,728",2.823918
4,4,710400,100%,raw-l1d-cache-allocate,0,2.823918
4,4,710400,100%,raw-l1d-cache-inval,"2,699,868",3.404999
4,4,710400,100%,raw-l1d-cache-lmiss-rd,0,3.404999
4,4,710400,100%,raw-l1d-cache-rd,"762,013,144",3.404999
4,4,710400,100%,raw-l1d-cache-refill,"144,603,297",3.404999
4,4,710400,100%,raw-l1d-cache-refill-inner,"133,154,794",3.404999
4,4,710400,100%,raw-l1d-cache-refill-outer,"11,448,503",3.404999
4,4,710400,100%,raw-l1d-cache-refill-rd,"31,634,833",2.822569
4,4,710400,100%,raw-l1d-cache-refill-wr,"113,600,839",2.822569
4,4,710400,100%,raw-l1d-cache-wb,"115,022,226",2.822569
4,4,710400,100%,raw-l1d-cache-wb-clean,"2,989,850",2.822569
4,4,710400,100%,raw-l1d-cache-wb-victim,"112,032,376",2.822569
4,4,710400,100%,raw-l1d-cache-wr,"548,570,500",2.822569
4,4,710400,100%,raw-l1d-tlb,"2,226,660,762",3.511637
4,4,710400,100%,raw-l1d-tlb-rd,"923,943,635",3.511637
4,4,710400,100%,raw-l1d-tlb-refill,"3,577,773",3.511637
4,4,710400,100%,raw-l1d-tlb-refill-rd,"1,734,583",3.511637
4,4,710400,100%,raw-l1d-tlb-refill-wr,"1,843,190",3.511637
4,4,710400,100%,raw-l1d-tlb-wr,"1,302,717,127",3.511637
4,4,710400,100%,raw-l1i-cache,"503,606,909",2.813285
4,4,710400,100%,raw-l1i-cache-lmiss,0,2.813285
4,4,710400,100%,raw-l1i-cache-refill,"330,330",2.813285
4,4,710400,100%,raw-l1i-tlb,"374,149,115",2.813285
4,4,710400,100%,raw-l1i-tlb-refill,788,2.813285
4,4,710400,100%,raw-l2d-cache,"474,758,625",2.813285
4,4,710400,100%,raw-l2d-cache-allocate,592,2.817046
4,4,710400,100%,raw-l2d-cache-inval,"44,398",2.817046
4,4,710400,100%,raw-l2d-cache-lmiss-rd,0,2.817046
4,4,710400,100%,raw-l2d-cache-rd,"228,615,836",2.817046
4,4,710400,100%,raw-l2d-cache-refill,"13,043,357",2.817046
4,4,710400,100%,raw-l2d-cache-refill-rd,"13,043,357",2.817046
4,4,710400,100%,raw-l2d-cache-refill-wr,0,2.794535
4,4,710400,100%,raw-l2d-cache-wb,"229,948,725",2.794535
4,4,710400,100%,raw-l2d-cache-wb-clean,"136,653",2.794535
4,4,710400,100%,raw-l2d-cache-wb-victim,"229,812,072",2.794535
4,4,710400,100%,raw-l2d-cache-wr,"243,989,963",2.794535
4,4,710400,100%,raw-l2d-tlb,"4,469,172",2.794535
4,4,710400,100%,raw-l2d-tlb-rd,"1,696,405",3.495806
4,4,710400,100%,raw-l2d-tlb-refill,"3,398,147",3.495806
4,4,710400,100%,raw-l2d-tlb-refill-rd,"3,127,774",3.495806
4,4,710400,100%,raw-l2d-tlb-refill-wr,"270,373",3.495806
4,4,710400,100%,raw-l2d-tlb-wr,"2,882,801",3.495806
4,4,710400,100%,raw-l2i-cache,0,3.495806
4,4,710400,100%,raw-l2i-cache-lmiss,0,2.813817
4,4,710400,100%,raw-l2i-cache-refill,0,2.813817
4,4,710400,100%,raw-l2i-tlb,0,2.813817
4,4,710400,100%,raw-l2i-tlb-refill,0,2.813817
4,4,710400,100%,raw-l3d-cache,"460,497,504",2.813817
4,4,710400,100%,raw-l3d-cache-allocate,"230,135,481",2.813817
4,4,710400,100%,raw-l3d-cache-inval,0,2.825030
4,4,710400,100%,raw-l3d-cache-lmiss-rd,0,2.825030
4,4,710400,100%,raw-l3d-cache-rd,"230,306,793",2.825030
4,4,710400,100%,raw-l3d-cache-refill,"228,038,116",2.825030
4,4,710400,100%,raw-l3d-cache-refill-rd,0,2.825030
4,4,710400,100%,raw-l3d-cache-refill-wr,0,2.825030
4,4,710400,100%,raw-l3d-cache-wb,0,3.517208
4,4,710400,100%,raw-l3d-cache-wb-clean,0,3.517208
4,4,710400,100%,raw-l3d-cache-wb-victim,0,3.517208
4,4,710400,100%,raw-l3d-cache-wr,0,3.517208
4,4,710400,100%,raw-ld-retired,0,3.517208
4,4,710400,100%,raw-ld-spec,"783,374,339",3.517208
4,4,710400,100%,raw-ldrex-spec,"262,488",2.802775
4,4,710400,100%,raw-ldst-spec,0,2.802775
4,4,710400,100%,raw-ll-cache,0,2.802775
4,4,710400,100%,raw-ll-cache-miss,0,2.802775
4,4,710400,100%,raw-ll-cache-miss-rd,"228,032,841",2.802775
4,4,710400,100%,raw-ll-cache-rd,"230,142,705",2.802775
4,4,710400,100%,raw-mem-access,"1,213,747,183",2.802779
4,4,710400,100%,raw-mem-access-rd,"664,935,743",2.802779
4,4,710400,100%,raw-mem-access-wr,"548,811,440",2.802779
4,4,710400,100%,raw-memory-error,0,2.802779
4,4,710400,100%,raw-op-retired,0,2.802779
4,4,710400,100%,raw-op-spec,0,2.802779
4,4,710400,100%,raw-pc-write-retired,0,2.810194
4,4,710400,100%,raw-pc-write-spec,"118,072,428",2.810194
4,4,710400,100%,raw-rc-ld-spec,"1,631,045",2.810194
4,4,710400,100%,raw-rc-st-spec,"1,647,213",2.810194
4,4,710400,100%,raw-remote-access,0,2.810194
4,4,710400,100%,raw-remote-access-rd,0,2.810194
4,4,710400,100%,raw-sample-collision,0,2.824309
4,4,710400,100%,raw-sample-feed,0,2.824309
4,4,710400,100%,raw-sample-filtrate,0,2.824309
4,4,710400,100%,raw-sample-pop,0,2.824309
4,4,710400,100%,raw-st-retired,0,2.824309
4,4,710400,100%,raw-st-spec,"554,015,222",2.824309
4,4,710400,100%,raw-stall,0,3.517570
4,4,710400,100%,raw-stall-backend,"1,304,588,529",3.517570
4,4,710400,100%,raw-stall-backend-mem,0,3.517570
4,4,710400,100%,raw-stall-frontend,"95,880,873",3.517570
4,4,710400,100%,raw-stall-slot,0,3.517570
4,4,710400,100%,raw-stall-slot-backend,0,3.517570
4,4,710400,100%,raw-stall-slot-frontend,0,3.457721
4,4,710400,100%,raw-strex-fail-spec,2,3.457721
4,4,710400,100%,raw-strex-pass-spec,"262,448",3.457721
4,4,710400,100%,raw-strex-spec,"262,450",3.457721
4,4,710400,100%,raw-sve-inst-retired,763,3.457721
4,4,710400,100%,raw-sve-inst-spec,0,3.457721
4,4,710400,100%,raw-sw-incr,0,2.805661
4,4,710400,100%,raw-ttbr-write-retired,27,2.805661
4,4,710400,100%,raw-unaligned-ld-spec,333,2.805661
4,4,710400,100%,raw-unaligned-ldst-retired,0,2.805661
4,4,710400,100%,raw-unaligned-ldst-spec,907,2.805661
4,4,710400,100%,raw-unaligned-st-spec,574,2.805661
4,4,710400,100%,raw-vfp-spec,"4,702",2.811796
4,4,1612800,100%,raw-ase-spec,113,2.245021
4,4,1612800,100%,raw-br-immed-retired,0,2.245021
4,4,1612800,100%,raw-br-immed-spec,"207,423,440",2.245021
4,4,1612800,100%,raw-br-indirect-spec,"11,269,455",2.245021
4,4,1612800,100%,raw-br-mis-pred,"379,412",2.245021
4,4,1612800,100%,raw-br-mis-pred-retired,"609,694",2.245021
4,4,1612800,100%,raw-br-pred,"217,784,807",2.260298
4,4,1612800,100%,raw-br-retired,"213,800,486",2.260298
4,4,1612800,100%,raw-br-return-retired,0,2.260298
4,4,1612800,100%,raw-br-return-spec,"9,365,702",2.260298
4,4,1612800,100%,raw-bus-access,"1,839,683,249",2.260298
4,4,1612800,100%,raw-bus-access-normal,0,2.260298
4,4,1612800,100%,raw-bus-access-not-shared,0,2.247875
4,4,1612800,100%,raw-bus-access-periph,0,2.247875
4,4,1612800,100%,raw-bus-access-rd,"919,936,449",2.247875
4,4,1612800,100%,raw-bus-access-shared,0,2.247875
4,4,1612800,100%,raw-bus-access-wr,"919,694,651",2.247875
4,4,1612800,100%,raw-bus-cycles,"3,618,058,044",2.247875
4,4,1612800,100%,raw-cid-write-retired,9,2.247106
4,4,1612800,100%,raw-cnt-cycles,0,2.247106
4,4,1612800,100%,raw-cpu-cycles,"3,617,055,441",2.247106
4,4,1612800,100%,raw-crypto-spec,0,2.247106
4,4,1612800,100%,raw-dmb-spec,"2,447,574",2.247106
4,4,1612800,100%,raw-dp-spec,"567,579,486",2.243308
4,4,1612800,100%,raw-dsb-spec,"7,462",2.243308
4,4,1612800,100%,raw-dtlb-walk,"3,514,085",2.243308
4,4,1612800,100%,raw-exc-dabort,"262,182",2.243308
4,4,1612800,100%,raw-exc-fiq,0,2.243308
4,4,1612800,100%,raw-exc-hvc,0,2.243308
4,4,1612800,100%,raw-exc-irq,904,2.253296
4,4,1612800,100%,raw-exc-pabort,12,2.253296
4,4,1612800,100%,raw-exc-return,"263,464",2.253296
4,4,1612800,100%,raw-exc-smc,0,2.253296
4,4,1612800,100%,raw-exc-svc,358,2.253296
4,4,1612800,100%,raw-exc-taken,"263,465",2.253296
4,4,1612800,100%,raw-exc-trap-dabort,0,2.239601
4,4,1612800,100%,raw-exc-trap-fiq,0,2.239601
4,4,1612800,100%,raw-exc-trap-irq,0,2.239601
4,4,1612800,100%,raw-exc-trap-other,9,2.239601
4,4,1612800,100%,raw-exc-trap-pabort,0,2.239601
4,4,1612800,100%,raw-exc-undef,5,2.239601
4,4,1612800,100%,raw-inst-retired,"2,031,354,840",2.251778
4,4,1612800,100%,raw-inst-spec,"2,072,597,416",2.251778
4,4,1612800,100%,raw-isb-spec,"1,089,380",2.251778
4,4,1612800,100%,raw-itlb-walk,521,2.251778
4,4,1612800,100%,raw-l1d-cache,"1,304,450,596",2.251778
4,4,1612800,100%,raw-l1d-cache-allocate,0,2.251778
4,4,1612800,100%,raw-l1d-cache-inval,"923,049",2.243742
4,4,1612800,100%,raw-l1d-cache-lmiss-rd,0,2.243742
4,4,1612800,100%,raw-l1d-cache-rd,"751,612,071",2.243742
4,4,1612800,100%,raw-l1d-cache-refill,"134,550,730",2.243742
4,4,1612800,100%,raw-l1d-cache-refill-inner,"119,858,234",2.243742
4,4,1612800,100%,raw-l1d-cache-refill-outer,"14,692,496",2.243742
4,4,1612800,100%,raw-l1d-cache-refill-rd,"23,469,446",2.257892
4,4,1612800,100%,raw-l1d-cache-refill-wr,"113,510,962",2.257892
4,4,1612800,100%,raw-l1d-cache-wb,"114,905,271",2.257892
4,4,1612800,100%,raw-l1d-cache-wb-clean,"2,898,928",2.257892
4,4,1612800,100%,raw-l1d-cache-wb-victim,"112,006,343",2.257892
4,4,1612800,100%,raw-l1d-cache-wr,"551,440,840",2.257892
4,4,1612800,100%,raw-l1d-tlb,"2,491,819,617",2.255801
4,4,1612800,100%,raw-l1d-tlb-rd,"868,471,072",2.255801
4,4,1612800,100%,raw-l1d-tlb-refill,"3,571,281",2.255801
4,4,1612800,100%,raw-l1d-tlb-refill-rd,"1,729,005",2.255801
4,4,1612800,100%,raw-l1d-tlb-refill-wr,"1,842,276",2.255801
4,4,1612800,100%,raw-l1d-tlb-wr,"1,623,348,545",2.255801
4,4,1612800,100%,raw-l1i-cache,"551,828,428",2.252938
4,4,1612800,100%,raw-l1i-cache-lmiss,0,2.252938
4,4,1612800,100%,raw-l1i-cache-refill,"251,180",2.252938
4,4,1612800,100%,raw-l1i-tlb,"422,821,759",2.252938
4,4,1612800,100%,raw-l1i-tlb-refill,621,2.252938
4,4,1612800,100%,raw-l2d-cache,"476,278,110",2.252938
4,4,1612800,100%,raw-l2d-cache-allocate,495,2.239456
4,4,1612800,100%,raw-l2d-cache-inval,"24,656",2.239456
4,4,1612800,100%,raw-l2d-cache-lmiss-rd,0,2.239456
4,4,1612800,100%,raw-l2d-cache-rd,"228,717,043",2.239456
4,4,1612800,100%,raw-l2d-cache-refill,"16,872,394",2.239456
4,4,1612800,100%,raw-l2d-cache-refill-rd,"16,872,394",2.239456
4,4,1612800,100%,raw-l2d-cache-refill-wr,0,2.247310
4,4,1612800,100%,raw-l2d-cache-wb,"229,922,306",2.247310
4,4,1612800,100%,raw-l2d-cache-wb-clean,"64,567",2.247310
4,4,1612800,100%,raw-l2d-cache-wb-victim,"229,857,739",2.247310
4,4,1612800,100%,raw-l2d-cache-wr,"245,336,981",2.247310
4,4,1612800,100%,raw-l2d-tlb,"4,690,521",2.247310
4,4,1612800,100%,raw-l2d-tlb-rd,"1,735,442",2.258035
4,4,1612800,100%,raw-l2d-tlb-refill,"3,558,239",2.258035
4,4,1612800,100%,raw-l2d-tlb-refill-rd,"3,289,093",2.258035
4,4,1612800,100%,raw-l2d-tlb-refill-wr,"269,146",2.258035
4,4,1612800,100%,raw-l2d-tlb-wr,"3,003,413",2.258035
4,4,1612800,100%,raw-l2i-cache,0,2.258035
4,4,1612800,100%,raw-l2i-cache-lmiss,0,2.237496
4,4,1612800,100%,raw-l2i-cache-refill,0,2.237496
4,4,1612800,100%,raw-l2i-tlb,0,2.237496
4,4,1612800,100%,raw-l2i-tlb-refill,0,2.237496
4,4,1612800,100%,raw-l3d-cache,"459,836,974",2.237496
4,4,1612800,100%,raw-l3d-cache-allocate,"229,835,245",2.237496
4,4,1612800,100%,raw-l3d-cache-inval,0,2.249794
4,4,1612800,100%,raw-l3d-cache-lmiss-rd,0,2.249794
4,4,1612800,100%,raw-l3d-cache-rd,"229,941,176",2.249794
4,4,1612800,100%,raw-l3d-cache-refill,"228,014,926",2.249794
4,4,1612800,100%,raw-l3d-cache-refill-rd,0,2.249794
4,4,1612800,100%,raw-l3d-cache-refill-wr,0,2.249794
4,4,1612800,100%,raw-l3d-cache-wb,0,2.260853
4,4,1612800,100%,raw-l3d-cache-wb-clean,0,2.260853
4,4,1612800,100%,raw-l3d-cache-wb-victim,0,2.260853
4,4,1612800,100%,raw-l3d-cache-wr,0,2.260853
4,4,1612800,100%,raw-ld-retired,0,2.260853
4,4,1612800,100%,raw-ld-spec,"757,969,467",2.260853
4,4,1612800,100%,raw-ldrex-spec,"262,482",2.261187
4,4,1612800,100%,raw-ldst-spec,0,2.261187
4,4,1612800,100%,raw-ll-cache,0,2.261187
4,4,1612800,100%,raw-ll-cache-miss,0,2.261187
4,4,1612800,100%,raw-ll-cache-miss-rd,"228,035,511",2.261187
4,4,1612800,100%,raw-ll-cache-rd,"230,125,177",2.261187
4,4,1612800,100%,raw-mem-access,"1,302,763,653",2.245538
4,4,1612800,100%,raw-mem-access-rd,"751,041,382",2.245538
4,4,1612800,100%,raw-mem-access-wr,"551,722,271",2.245538
4,4,1612800,100%,raw-memory-error,0,2.245538
4,4,1612800,100%,raw-op-retired,0,2.245538
4,4,1612800,100%,raw-op-spec,0,2.245538
4,4,1612800,100%,raw-pc-write-retired,0,2.245946
4,4,1612800,100%,raw-pc-write-spec,"148,654,237",2.245946
4,4,1612800,100%,raw-rc-ld-spec,"1,626,066",2.245946
4,4,1612800,100%,raw-rc-st-spec,"1,639,869",2.245946
4,4,1612800,100%,raw-remote-access,0,2.245946
4,4,1612800,100%,raw-remote-access-rd,0,2.245946
4,4,1612800,100%,raw-sample-collision,0,2.247161
4,4,1612800,100%,raw-sample-feed,0,2.247161
4,4,1612800,100%,raw-sample-filtrate,0,2.247161
4,4,1612800,100%,raw-sample-pop,0,2.247161
4,4,1612800,100%,raw-st-retired,0,2.247161
4,4,1612800,100%,raw-st-spec,"555,835,903",2.247161
4,4,1612800,100%,raw-stall,0,2.233505
4,4,1612800,100%,raw-stall-backend,"2,312,928,107",2.233505
4,4,1612800,100%,raw-stall-backend-mem,0,2.233505
4,4,1612800,100%,raw-stall-frontend,"181,922,303",2.233505
4,4,1612800,100%,raw-stall-slot,0,2.233505
4,4,1612800,100%,raw-stall-slot-backend,0,2.233505
4,4,1612800,100%,raw-stall-slot-frontend,0,2.256754
4,4,1612800,100%,raw-strex-fail-spec,0,2.256754
4,4,1612800,100%,raw-strex-pass-spec,"262,450",2.256754
4,4,1612800,100%,raw-strex-spec,"262,450",2.256754
4,4,1612800,100%,raw-sve-inst-retired,584,2.256754
4,4,1612800,100%,raw-sve-inst-spec,0,2.256754
4,4,1612800,100%,raw-sw-incr,0,2.253320
4,4,1612800,100%,raw-ttbr-write-retired,27,2.253320
4,4,1612800,100%,raw-unaligned-ld-spec,544,2.253320
4,4,1612800,100%,raw-unaligned-ldst-retired,0,2.253320
4,4,1612800,100%,raw-unaligned-ldst-spec,"1,268",2.253320
4,4,1612800,100%,raw-unaligned-st-spec,724,2.253320
4,4,1612800,100%,raw-vfp-spec,"4,821",2.247605
4,4,2419200,100%,raw-ase-spec,129,2.140813
4,4,2419200,100%,raw-br-immed-retired,0,2.140813
4,4,2419200,100%,raw-br-immed-spec,"236,153,584",2.140813
4,4,2419200,100%,raw-br-indirect-spec,"12,595,873",2.140813
4,4,2419200,100%,raw-br-mis-pred,"376,267",2.140813
4,4,2419200,100%,raw-br-mis-pred-retired,"607,443",2.140813
4,4,2419200,100%,raw-br-pred,"246,862,969",2.129931
4,4,2419200,100%,raw-br-retired,"242,883,990",2.129931
4,4,2419200,100%,raw-br-return-retired,0,2.129931
4,4,2419200,100%,raw-br-return-spec,"10,263,037",2.129931
4,4,2419200,100%,raw-bus-access,"1,839,460,888",2.129931
4,4,2419200,100%,raw-bus-access-normal,0,2.129931
4,4,2419200,100%,raw-bus-access-not-shared,0,2.141441
4,4,2419200,100%,raw-bus-access-periph,0,2.141441
4,4,2419200,100%,raw-bus-access-rd,"919,949,822",2.141441
4,4,2419200,100%,raw-bus-access-shared,0,2.141441
4,4,2419200,100%,raw-bus-access-wr,"919,737,890",2.141441
4,4,2419200,100%,raw-bus-cycles,"5,172,987,105",2.141441
4,4,2419200,100%,raw-cid-write-retired,9,2.145208
4,4,2419200,100%,raw-cnt-cycles,0,2.145208
4,4,2419200,100%,raw-cpu-cycles,"5,181,705,600",2.145208
4,4,2419200,100%,raw-crypto-spec,0,2.145208
4,4,2419200,100%,raw-dmb-spec,"3,331,849",2.145208
4,4,2419200,100%,raw-dp-spec,"611,700,487",2.121221
4,4,2419200,100%,raw-dsb-spec,"7,088",2.121221
4,4,2419200,100%,raw-dtlb-walk,"3,555,055",2.121221
4,4,2419200,100%,raw-exc-dabort,"262,180",2.121221
4,4,2419200,100%,raw-exc-fiq,0,2.121221
4,4,2419200,100%,raw-exc-hvc,0,2.121221
4,4,2419200,100%,raw-exc-irq,863,2.148859
4,4,2419200,100%,raw-exc-pabort,12,2.148859
4,4,2419200,100%,raw-exc-return,"263,425",2.148859
4,4,2419200,100%,raw-exc-smc,0,2.148859
4,4,2419200,100%,raw-exc-svc,360,2.148859
4,4,2419200,100%,raw-exc-taken,"263,425",2.148859
4,4,2419200,100%,raw-exc-trap-dabort,0,2.134693
4,4,2419200,100%,raw-exc-trap-fiq,0,2.134693
4,4,2419200,100%,raw-exc-trap-irq,0,2.134693
4,4,2419200,100%,raw-exc-trap-other,9,2.134693
4,4,2419200,100%,raw-exc-trap-pabort,0,2.134693
4,4,2419200,100%,raw-exc-undef,13,2.134693
4,4,2419200,100%,raw-inst-retired,"2,186,225,065",2.140242
4,4,2419200,100%,raw-inst-spec,"2,227,282,679",2.140242
4,4,2419200,100%,raw-isb-spec,"1,531,748",2.140242
4,4,2419200,100%,raw-itlb-walk,532,2.140242
4,4,2419200,100%,raw-l1d-cache,"1,386,629,929",2.140242
4,4,2419200,100%,raw-l1d-cache-allocate,0,2.140242
4,4,2419200,100%,raw-l1d-cache-inval,"2,720,828",2.146156
4,4,2419200,100%,raw-l1d-cache-lmiss-rd,0,2.146156
4,4,2419200,100%,raw-l1d-cache-rd,"832,116,216",2.146156
4,4,2419200,100%,raw-l1d-cache-refill,"150,065,999",2.146156
4,4,2419200,100%,raw-l1d-cache-refill-inner,"126,702,416",2.146156
4,4,2419200,100%,raw-l1d-cache-refill-outer,"23,363,583",2.146156
4,4,2419200,100%,raw-l1d-cache-refill-rd,"36,422,789",2.138919
4,4,2419200,100%,raw-l1d-cache-refill-wr,"113,585,969",2.138919
4,4,2419200,100%,raw-l1d-cache-wb,"114,984,203",2.138919
4,4,2419200,100%,raw-l1d-cache-wb-clean,"3,010,356",2.138919
4,4,2419200,100%,raw-l1d-cache-wb-victim,"111,973,847",2.138919
4,4,2419200,100%,raw-l1d-cache-wr,"554,107,297",2.138919
4,4,2419200,100%,raw-l1d-tlb,"2,769,736,268",2.145413
4,4,2419200,100%,raw-l1d-tlb-rd,"1,079,492,047",2.145413
4,4,2419200,100%,raw-l1d-tlb-refill,"3,587,615",2.145413
4,4,2419200,100%,raw-l1d-tlb-refill-rd,"1,745,274",2.145413
4,4,2419200,100%,raw-l1d-tlb-refill-wr,"1,842,341",2.145413
4,4,2419200,100%,raw-l1d-tlb-wr,"1,690,244,221",2.145413
4,4,2419200,100%,raw-l1i-cache,"595,897,058",2.123330
4,4,2419200,100%,raw-l1i-cache-lmiss,0,2.123330
4,4,2419200,100%,raw-l1i-cache-refill,"242,513",2.123330
4,4,2419200,100%,raw-l1i-tlb,"466,765,648",2.123330
4,4,2419200,100%,raw-l1i-tlb-refill,521,2.123330
4,4,2419200,100%,raw-l2d-cache,"476,320,277",2.123330
4,4,2419200,100%,raw-l2d-cache-allocate,536,2.137775
4,4,2419200,100%,raw-l2d-cache-inval,"20,884",2.137775
4,4,2419200,100%,raw-l2d-cache-lmiss-rd,0,2.137775
4,4,2419200,100%,raw-l2d-cache-rd,"227,359,313",2.137775
4,4,2419200,100%,raw-l2d-cache-refill,"27,075,280",2.137775
4,4,2419200,100%,raw-l2d-cache-refill-rd,"27,075,280",2.137775
4,4,2419200,100%,raw-l2d-cache-refill-wr,0,2.135361
4,4,2419200,100%,raw-l2d-cache-wb,"229,890,220",2.135361
4,4,2419200,100%,raw-l2d-cache-wb-clean,"52,543",2.135361
4,4,2419200,100%,raw-l2d-cache-wb-victim,"229,837,677",2.135361
4,4,2419200,100%,raw-l2d-cache-wr,"246,753,268",2.135361
4,4,2419200,100%,raw-l2d-tlb,"4,755,959",2.135361
4,4,2419200,100%,raw-l2d-tlb-rd,"1,735,685",2.134004
4,4,2419200,100%,raw-l2d-tlb-refill,"3,556,457",2.134004
4,4,2419200,100%,raw-l2d-tlb-refill-rd,"3,286,577",2.134004
4,4,2419200,100%,raw-l2d-tlb-refill-wr,"269,880",2.134004
4,4,2419200,100%,raw-l2d-tlb-wr,"3,030,184",2.134004
4,4,2419200,100%,raw-l2i-cache,0,2.134004
4,4,2419200,100%,raw-l2i-cache-lmiss,0,2.134769
4,4,2419200,100%,raw-l2i-cache-refill,0,2.134769
4,4,2419200,100%,raw-l2i-tlb,0,2.134769
4,4,2419200,100%,raw-l2i-tlb-refill,0,2.134769
4,4,2419200,100%,raw-l3d-cache,"459,690,428",2.134769
4,4,2419200,100%,raw-l3d-cache-allocate,"229,771,094",2.134769
4,4,2419200,100%,raw-l3d-cache-inval,0,2.143072
4,4,2419200,100%,raw-l3d-cache-lmiss-rd,0,2.143072
4,4,2419200,100%,raw-l3d-cache-rd,"230,024,558",2.143072
4,4,2419200,100%,raw-l3d-cache-refill,"228,018,897",2.143072
4,4,2419200,100%,raw-l3d-cache-refill-rd,0,2.143072
4,4,2419200,100%,raw-l3d-cache-refill-wr,0,2.143072
4,4,2419200,100%,raw-l3d-cache-wb,0,2.132509
4,4,2419200,100%,raw-l3d-cache-wb-clean,0,2.132509
4,4,2419200,100%,raw-l3d-cache-wb-victim,0,2.132509
4,4,2419200,100%,raw-l3d-cache-wr,0,2.132509
4,4,2419200,100%,raw-ld-retired,0,2.132509
4,4,2419200,100%,raw-ld-spec,"837,521,605",2.132509
4,4,2419200,100%,raw-ldrex-spec,"262,481",2.139004
4,4,2419200,100%,raw-ldst-spec,0,2.139004
4,4,2419200,100%,raw-ll-cache,0,2.139004
4,4,2419200,100%,raw-ll-cache-miss,0,2.139004
4,4,2419200,100%,raw-ll-cache-miss-rd,"228,057,630",2.139004
4,4,2419200,100%,raw-ll-cache-rd,"230,182,203",2.139004
4,4,2419200,100%,raw-mem-access,"1,386,433,474",2.148900
4,4,2419200,100%,raw-mem-access-rd,"832,074,549",2.148900
4,4,2419200,100%,raw-mem-access-wr,"554,358,925",2.148900
4,4,2419200,100%,raw-memory-error,0,2.148900
4,4,2419200,100%,raw-op-retired,0,2.148900
4,4,2419200,100%,raw-op-spec,0,2.148900
4,4,2419200,100%,raw-pc-write-retired,0,2.138877
4,4,2419200,100%,raw-pc-write-spec,"176,246,325",2.138877
4,4,2419200,100%,raw-rc-ld-spec,"1,628,186",2.138877
4,4,2419200,100%,raw-rc-st-spec,"1,643,827",2.138877
4,4,2419200,100%,raw-remote-access,0,2.138877
4,4,2419200,100%,raw-remote-access-rd,0,2.138877
4,4,2419200,100%,raw-sample-collision,0,2.138386
4,4,2419200,100%,raw-sample-feed,0,2.138386
4,4,2419200,100%,raw-sample-filtrate,0,2.138386
4,4,2419200,100%,raw-sample-pop,0,2.138386
4,4,2419200,100%,raw-st-retired,0,2.138386
4,4,2419200,100%,raw-st-spec,"557,686,160",2.138386
4,4,2419200,100%,raw-stall,0,2.134627
4,4,2419200,100%,raw-stall-backend,"3,673,634,981",2.134627
4,4,2419200,100%,raw-stall-backend-mem,0,2.134627
4,4,2419200,100%,raw-stall-frontend,"272,588,013",2.134627
4,4,2419200,100%,raw-stall-slot,0,2.134627
4,4,2419200,100%,raw-stall-slot-backend,0,2.134627
4,4,2419200,100%,raw-stall-slot-frontend,0,2.136708
4,4,2419200,100%,raw-strex-fail-spec,0,2.136708
4,4,2419200,100%,raw-strex-pass-spec,"262,448",2.136708
4,4,2419200,100%,raw-strex-spec,"262,448",2.136708
4,4,2419200,100%,raw-sve-inst-retired,550,2.136708
4,4,2419200,100%,raw-sve-inst-spec,0,2.136708
4,4,2419200,100%,raw-sw-incr,0,2.131424
4,4,2419200,100%,raw-ttbr-write-retired,27,2.131424
4,4,2419200,100%,raw-unaligned-ld-spec,356,2.131424
4,4,2419200,100%,raw-unaligned-ldst-retired,0,2.131424
4,4,2419200,100%,raw-unaligned-ldst-spec,"1,033",2.131424
4,4,2419200,100%,raw-unaligned-st-spec,677,2.131424
4,4,2419200,100%,raw-vfp-spec,"4,584",2.141381
7,7,825600,100%,raw-ase-spec,134,2.647296
7,7,825600,100%,raw-br-immed-retired,0,2.647296
7,7,825600,100%,raw-br-immed-spec,"177,149,603",2.647296
7,7,825600,100%,raw-br-indirect-spec,"9,964,460",2.647296
7,7,825600,100%,raw-br-mis-pred,"381,385",2.647296
7,7,825600,100%,raw-br-mis-pred-retired,"613,907",2.647296
7,7,825600,100%,raw-br-pred,"189,570,282",2.662385
7,7,825600,100%,raw-br-retired,"185,643,604",2.662385
7,7,825600,100%,raw-br-return-retired,0,2.662385
7,7,825600,100%,raw-br-return-spec,"8,484,714",2.662385
7,7,825600,100%,raw-bus-access,"1,835,015,239",2.662385
7,7,825600,100%,raw-bus-access-normal,0,2.662385
7,7,825600,100%,raw-bus-access-not-shared,0,2.656795
7,7,825600,100%,raw-bus-access-periph,0,2.656795
7,7,825600,100%,raw-bus-access-rd,"917,717,542",2.656795
7,7,825600,100%,raw-bus-access-shared,0,2.656795
7,7,825600,100%,raw-bus-access-wr,"917,062,094",2.656795
7,7,825600,100%,raw-bus-cycles,"2,186,698,496",2.656795
7,7,825600,100%,raw-cid-write-retired,9,2.657082
7,7,825600,100%,raw-cnt-cycles,0,2.657082
7,7,825600,100%,raw-cpu-cycles,"2,187,412,017",2.657082
7,7,825600,100%,raw-crypto-spec,0,2.657082
7,7,825600,100%,raw-dmb-spec,"1,455,834",2.657082
7,7,825600,100%,raw-dp-spec,"525,982,832",2.654640
7,7,825600,100%,raw-dsb-spec,"8,307",2.654640
7,7,825600,100%,raw-dtlb-walk,"3,551,353",2.654640
7,7,825600,100%,raw-exc-dabort,"262,181",2.654640
7,7,825600,100%,raw-exc-fiq,0,2.654640
7,7,825600,100%,raw-exc-hvc,0,2.654640
7,7,825600,100%,raw-exc-irq,"1,066",2.659354
7,7,825600,100%,raw-exc-pabort,12,2.659354
7,7,825600,100%,raw-exc-return,"263,627",2.659354
7,7,825600,100%,raw-exc-smc,0,2.659354
7,7,825600,100%,raw-exc-svc,356,2.659354
7,7,825600,100%,raw-exc-taken,"263,627",2.659354
7,7,825600,100%,raw-exc-trap-dabort,0,2.655381
7,7,825600,100%,raw-exc-trap-fiq,0,2.655381
7,7,825600,100%,raw-exc-trap-irq,0,2.655381
7,7,825600,100%,raw-exc-trap-other,9,2.655381
7,7,825600,100%,raw-exc-trap-pabort,0,2.655381
7,7,825600,100%,raw-exc-undef,6,2.655381
7,7,825600,100%,raw-inst-retired,"1,881,732,285",2.644956
7,7,825600,100%,raw-inst-spec,"1,923,157,791",2.644956
7,7,825600,100%,raw-isb-spec,"649,496",2.644956
7,7,825600,100%,raw-itlb-walk,687,2.644956
7,7,825600,100%,raw-l1d-cache,"1,225,028,712",2.644956
7,7,825600,100%,raw-l1d-cache-allocate,0,2.644956
7,7,825600,100%,raw-l1d-cache-inval,"2,709,868",2.657787
7,7,825600,100%,raw-l1d-cache-lmiss-rd,0,2.657787
7,7,825600,100%,raw-l1d-cache-rd,"673,290,575",2.657787
7,7,825600,100%,raw-l1d-cache-refill,"139,429,195",2.657787
7,7,825600,100%,raw-l1d-cache-refill-inner,"128,669,595",2.657787
7,7,825600,100%,raw-l1d-cache-refill-outer,"10,759,600",2.657787
7,7,825600,100%,raw-l1d-cache-refill-rd,"25,583,003",2.658472
7,7,825600,100%,raw-l1d-cache-refill-wr,"113,473,823",2.658472
7,7,825600,100%,raw-l1d-cache-wb,"114,862,172",2.658472
7,7,825600,100%,raw-l1d-cache-wb-clean,"2,884,640",2.658472
7,7,825600,100%,raw-l1d-cache-wb-victim,"111,977,532",2.658472
7,7,825600,100%,raw-l1d-cache-wr,"548,906,156",2.658472
7,7,825600,100%,raw-l1d-tlb,"2,146,879,865",2.660191
7,7,825600,100%,raw-l1d-tlb-rd,"776,190,904",2.660191
7,7,825600,100%,raw-l1d-tlb-refill,"3,577,249",2.660191
7,7,825600,100%,raw-l1d-tlb-refill-rd,"1,734,447",2.660191
7,7,825600,100%,raw-l1d-tlb-refill-wr,"1,842,802",2.660191
7,7,825600,100%,raw-l1d-tlb-wr,"1,370,688,961",2.660191
7,7,825600,100%,raw-l1i-cache,"509,611,157",2.646450
7,7,825600,100%,raw-l1i-cache-lmiss,0,2.646450
7,7,825600,100%,raw-l1i-cache-refill,"286,062",2.646450
7,7,825600,100%,raw-l1i-tlb,"380,265,459",2.646450
7,7,825600,100%,raw-l1i-tlb-refill,739,2.646450
7,7,825600,100%,raw-l2d-cache,"471,783,065",2.646450
7,7,825600,100%,raw-l2d-cache-allocate,666,2.649560
7,7,825600,100%,raw-l2d-cache-inval,"62,103",2.649560
7,7,825600,100%,raw-l2d-cache-lmiss-rd,0,2.649560
7,7,825600,100%,raw-l2d-cache-rd,"228,708,084",2.649560
7,7,825600,100%,raw-l2d-cache-refill,"12,002,705",2.649560
7,7,825600,100%,raw-l2d-cache-refill-rd,"12,002,705",2.649560
7,7,825600,100%,raw-l2d-cache-refill-wr,0,2.656571
7,7,825600,100%,raw-l2d-cache-wb,"229,273,793",2.656571
7,7,825600,100%,raw-l2d-cache-wb-clean,"137,866",2.656571
7,7,825600,100%,raw-l2d-cache-wb-victim,"229,135,927",2.656571
7,7,825600,100%,raw-l2d-cache-wr,"246,706,434",2.656571
7,7,825600,100%,raw-l2d-tlb,"4,646,553",2.656571
7,7,825600,100%,raw-l2d-tlb-rd,"1,738,474",2.650570
7,7,825600,100%,raw-l2d-tlb-refill,"3,534,366",2.650570
7,7,825600,100%,raw-l2d-tlb-refill-rd,"3,265,409",2.650570
7,7,825600,100%,raw-l2d-tlb-refill-wr,"268,957",2.650570
7,7,825600,100%,raw-l2d-tlb-wr,"2,914,210",2.650570
7,7,825600,100%,raw-l2i-cache,0,2.650570
7,7,825600,100%,raw-l2i-cache-lmiss,0,2.642707
7,7,825600,100%,raw-l2i-cache-refill,0,2.642707
7,7,825600,100%,raw-l2i-tlb,0,2.642707
7,7,825600,100%,raw-l2i-tlb-refill,0,2.642707
7,7,825600,100%,raw-l3d-cache,"458,706,750",2.642707
7,7,825600,100%,raw-l3d-cache-allocate,"229,217,362",2.642707
7,7,825600,100%,raw-l3d-cache-inval,0,2.653813
7,7,825600,100%,raw-l3d-cache-lmiss-rd,0,2.653813
7,7,825600,100%,raw-l3d-cache-rd,"229,498,583",2.653813
7,7,825600,100%,raw-l3d-cache-refill,"227,968,638",2.653813
7,7,825600,100%,raw-l3d-cache-refill-rd,0,2.653813
7,7,825600,100%,raw-l3d-cache-refill-wr,0,2.653813
7,7,825600,100%,raw-l3d-cache-wb,0,3.286011
7,7,825600,100%,raw-l3d-cache-wb-clean,0,3.286011
7,7,825600,100%,raw-l3d-cache-wb-victim,0,3.286011
7,7,825600,100%,raw-l3d-cache-wr,0,3.286011
7,7,825600,100%,raw-ld-retired,0,3.286011
7,7,825600,100%,raw-ld-spec,"802,609,506",3.286011
7,7,825600,100%,raw-ldrex-spec,"262,494",3.299457
7,7,825600,100%,raw-ldst-spec,0,3.299457
7,7,825600,100%,raw-ll-cache,0,3.299457
7,7,825600,100%,raw-ll-cache-miss,0,3.299457
7,7,825600,100%,raw-ll-cache-miss-rd,"228,000,462",3.299457
7,7,825600,100%,raw-ll-cache-rd,"229,497,279",3.299457
7,7,825600,100%,raw-mem-access,"1,223,485,547",2.660291
7,7,825600,100%,raw-mem-access-rd,"674,319,005",2.660291
7,7,825600,100%,raw-mem-access-wr,"549,166,542",2.660291
7,7,825600,100%,raw-memory-error,0,2.660291
7,7,825600,100%,raw-op-retired,0,2.660291
7,7,825600,100%,raw-op-spec,0,2.660291
7,7,825600,100%,raw-pc-write-retired,0,2.657058
7,7,825600,100%,raw-pc-write-spec,"122,050,016",2.657058
7,7,825600,100%,raw-rc-ld-spec,"1,629,882",2.657058
7,7,825600,100%,raw-rc-st-spec,"1,648,336",2.657058
7,7,825600,100%,raw-remote-access,0,2.657058
7,7,825600,100%,raw-remote-access-rd,0,2.657058
7,7,825600,100%,raw-sample-collision,0,2.662587
7,7,825600,100%,raw-sample-feed,0,2.662587
7,7,825600,100%,raw-sample-filtrate,0,2.662587
7,7,825600,100%,raw-sample-pop,0,2.662587
7,7,825600,100%,raw-st-retired,0,2.662587
7,7,825600,100%,raw-st-spec,"554,182,816",2.662587
7,7,825600,100%,raw-stall,0,2.653791
7,7,825600,100%,raw-stall-backend,"1,109,609,099",2.653791
7,7,825600,100%,raw-stall-backend-mem,0,2.653791
7,7,825600,100%,raw-stall-frontend,"102,084,613",2.653791
7,7,825600,100%,raw-stall-slot,0,2.653791
7,7,825600,100%,raw-stall-slot-backend,0,2.653791
7,7,825600,100%,raw-stall-slot-frontend,0,2.658206
7,7,825600,100%,raw-strex-fail-spec,1,2.658206
7,7,825600,100%,raw-strex-pass-spec,"262,448",2.658206
7,7,825600,100%,raw-strex-spec,"262,449",2.658206
7,7,825600,100%,raw-sve-inst-retired,734,2.658206
7,7,825600,100%,raw-sve-inst-spec,0,2.658206
7,7,825600,100%,raw-sw-incr,0,2.647536
7,7,825600,100%,raw-ttbr-write-retired,27,2.647536
7,7,825600,100%,raw-unaligned-ld-spec,502,2.647536
7,7,825600,100%,raw-unaligned-ldst-retired,0,2.647536
7,7,825600,100%,raw-unaligned-ldst-spec,"1,250",2.647536
7,7,825600,100%,raw-unaligned-st-spec,748,2.647536
7,7,825600,100%,raw-vfp-spec,"4,688",2.644739
7,7,1804800,100%,raw-ase-spec,151,2.210749
7,7,1804800,100%,raw-br-immed-retired,0,2.210749
7,7,1804800,100%,raw-br-immed-spec,"212,170,148",2.210749
7,7,1804800,100%,raw-br-indirect-spec,"11,686,525",2.210749
7,7,1804800,100%,raw-br-mis-pred,"378,936",2.210749
7,7,1804800,100%,raw-br-mis-pred-retired,"611,510",2.210749
7,7,1804800,100%,raw-br-pred,"226,404,739",2.204684
7,7,1804800,100%,raw-br-retired,"222,468,710",2.204684
7,7,1804800,100%,raw-br-return-retired,0,2.204684
7,7,1804800,100%,raw-br-return-spec,"9,646,474",2.204684
7,7,1804800,100%,raw-bus-access,"1,833,842,838",2.204684
7,7,1804800,100%,raw-bus-access-normal,0,2.204684
7,7,1804800,100%,raw-bus-access-not-shared,0,2.211810
7,7,1804800,100%,raw-bus-access-periph,0,2.211810
7,7,1804800,100%,raw-bus-access-rd,"917,564,778",2.211810
7,7,1804800,100%,raw-bus-access-shared,0,2.211810
7,7,1804800,100%,raw-bus-access-wr,"916,985,814",2.211810
7,7,1804800,100%,raw-bus-cycles,"3,984,401,850",2.211810
7,7,1804800,100%,raw-cid-write-retired,9,2.211830
7,7,1804800,100%,raw-cnt-cycles,0,2.211830
7,7,1804800,100%,raw-cpu-cycles,"3,984,706,434",2.211830
7,7,1804800,100%,raw-crypto-spec,0,2.211830
7,7,1804800,100%,raw-dmb-spec,"2,728,218",2.211830
7,7,1804800,100%,raw-dp-spec,"578,779,066",2.214508
7,7,1804800,100%,raw-dsb-spec,"7,111",2.214508
7,7,1804800,100%,raw-dtlb-walk,"3,526,919",2.214508
7,7,1804800,100%,raw-exc-dabort,"262,182",2.214508
7,7,1804800,100%,raw-exc-fiq,0,2.214508
7,7,1804800,100%,raw-exc-hvc,0,2.214508
7,7,1804800,100%,raw-exc-irq,884,2.206714
7,7,1804800,100%,raw-exc-pabort,12,2.206714
7,7,1804800,100%,raw-exc-return,"263,446",2.206714
7,7,1804800,100%,raw-exc-smc,0,2.206714
7,7,1804800,100%,raw-exc-svc,360,2.206714
7,7,1804800,100%,raw-exc-taken,"263,446",2.206714
7,7,1804800,100%,raw-exc-trap-dabort,0,2.213838
7,7,1804800,100%,raw-exc-trap-fiq,0,2.213838
7,7,1804800,100%,raw-exc-trap-irq,0,2.213838
7,7,1804800,100%,raw-exc-trap-other,9,2.213838
7,7,1804800,100%,raw-exc-trap-pabort,0,2.213838
7,7,1804800,100%,raw-exc-undef,6,2.213838
7,7,1804800,100%,raw-inst-retired,"2,065,815,537",2.208319
7,7,1804800,100%,raw-inst-spec,"2,106,573,617",2.208319
7,7,1804800,100%,raw-isb-spec,"1,235,823",2.208319
7,7,1804800,100%,raw-itlb-walk,525,2.208319
7,7,1804800,100%,raw-l1d-cache,"1,322,815,260",2.208319
7,7,1804800,100%,raw-l1d-cache-allocate,0,2.208319
7,7,1804800,100%,raw-l1d-cache-inval,"2,818,653",2.218221
7,7,1804800,100%,raw-l1d-cache-lmiss-rd,0,2.218221
7,7,1804800,100%,raw-l1d-cache-rd,"771,753,308",2.218221
7,7,1804800,100%,raw-l1d-cache-refill,"140,616,363",2.218221
7,7,1804800,100%,raw-l1d-cache-refill-inner,"123,188,915",2.218221
7,7,1804800,100%,raw-l1d-cache-refill-outer,"17,427,448",2.218221
7,7,1804800,100%,raw-l1d-cache-refill-rd,"25,677,498",2.200773
7,7,1804800,100%,raw-l1d-cache-refill-wr,"112,162,297",2.200773
7,7,1804800,100%,raw-l1d-cache-wb,"113,534,573",2.200773
7,7,1804800,100%,raw-l1d-cache-wb-clean,"1,603,668",2.200773
7,7,1804800,100%,raw-l1d-cache-wb-victim,"111,930,905",2.200773
7,7,1804800,100%,raw-l1d-cache-wr,"552,238,755",2.200773
7,7,1804800,100%,raw-l1d-tlb,"2,562,528,723",2.217720
7,7,1804800,100%,raw-l1d-tlb-rd,"927,397,280",2.217720
7,7,1804800,100%,raw-l1d-tlb-refill,"3,583,491",2.217720
7,7,1804800,100%,raw-l1d-tlb-refill-rd,"1,741,009",2.217720
7,7,1804800,100%,raw-l1d-tlb-refill-wr,"1,842,482",2.217720
7,7,1804800,100%,raw-l1d-tlb-wr,"1,635,131,443",2.217720
7,7,1804800,100%,raw-l1i-cache,"565,522,261",2.211599
7,7,1804800,100%,raw-l1i-cache-lmiss,0,2.211599
7,7,1804800,100%,raw-l1i-cache-refill,"230,085",2.211599
7,7,1804800,100%,raw-l1i-tlb,"435,765,583",2.211599
7,7,1804800,100%,raw-l1i-tlb-refill,582,2.211599
7,7,1804800,100%,raw-l2d-cache,"473,111,766",2.211599
7,7,1804800,100%,raw-l2d-cache-allocate,546,2.219721
7,7,1804800,100%,raw-l2d-cache-inval,"44,098",2.219721
7,7,1804800,100%,raw-l2d-cache-lmiss-rd,0,2.219721
7,7,1804800,100%,raw-l2d-cache-rd,"229,569,904",2.219721
7,7,1804800,100%,raw-l2d-cache-refill,"20,165,708",2.219721
7,7,1804800,100%,raw-l2d-cache-refill-rd,"20,165,708",2.219721
7,7,1804800,100%,raw-l2d-cache-refill-wr,0,2.203364
7,7,1804800,100%,raw-l2d-cache-wb,"229,195,566",2.203364
7,7,1804800,100%,raw-l2d-cache-wb-clean,"94,714",2.203364
7,7,1804800,100%,raw-l2d-cache-wb-victim,"229,100,852",2.203364
7,7,1804800,100%,raw-l2d-cache-wr,"246,168,275",2.203364
7,7,1804800,100%,raw-l2d-tlb,"4,739,871",2.203364
7,7,1804800,100%,raw-l2d-tlb-rd,"1,744,396",2.211151
7,7,1804800,100%,raw-l2d-tlb-refill,"3,520,999",2.211151
7,7,1804800,100%,raw-l2d-tlb-refill-rd,"3,252,341",2.211151
7,7,1804800,100%,raw-l2d-tlb-refill-wr,"268,658",2.211151
7,7,1804800,100%,raw-l2d-tlb-wr,"2,992,734",2.211151
7,7,1804800,100%,raw-l2i-cache,0,2.211151
7,7,1804800,100%,raw-l2i-cache-lmiss,0,2.214571
7,7,1804800,100%,raw-l2i-cache-refill,0,2.214571
7,7,1804800,100%,raw-l2i-tlb,0,2.214571
7,7,1804800,100%,raw-l2i-tlb-refill,0,2.214571
7,7,1804800,100%,raw-l3d-cache,"458,350,413",2.214571
7,7,1804800,100%,raw-l3d-cache-allocate,"229,060,172",2.214571
7,7,1804800,100%,raw-l3d-cache-inval,0,2.212086
7,7,1804800,100%,raw-l3d-cache-lmiss-rd,0,2.212086
7,7,1804800,100%,raw-l3d-cache-rd,"229,497,643",2.212086
7,7,1804800,100%,raw-l3d-cache-refill,"227,970,991",2.212086
7,7,1804800,100%,raw-l3d-cache-refill-rd,0,2.212086
7,7,1804800,100%,raw-l3d-cache-refill-wr,0,2.212086
7,7,1804800,100%,raw-l3d-cache-wb,0,2.211991
7,7,1804800,100%,raw-l3d-cache-wb-clean,0,2.211991
7,7,1804800,100%,raw-l3d-cache-wb-victim,0,2.211991
7,7,1804800,100%,raw-l3d-cache-wr,0,2.211991
7,7,1804800,100%,raw-ld-retired,0,2.211991
7,7,1804800,100%,raw-ld-spec,"776,807,690",2.211991
7,7,1804800,100%,raw-ldrex-spec,"262,479",2.220149
7,7,1804800,100%,raw-ldst-spec,0,2.220149
7,7,1804800,100%,raw-ll-cache,0,2.220149
7,7,1804800,100%,raw-ll-cache-miss,0,2.220149
7,7,1804800,100%,raw-ll-cache-miss-rd,"227,951,954",2.220149
7,7,1804800,100%,raw-ll-cache-rd,"229,417,152",2.220149
7,7,1804800,100%,raw-mem-access,"1,325,776,277",2.207904
7,7,1804800,100%,raw-mem-access-rd,"773,335,463",2.207904
7,7,1804800,100%,raw-mem-access-wr,"552,440,814",2.207904
7,7,1804800,100%,raw-memory-error,0,2.207904
7,7,1804800,100%,raw-op-retired,0,2.207904
7,7,1804800,100%,raw-op-spec,0,2.207904
7,7,1804800,100%,raw-pc-write-retired,0,2.210220
7,7,1804800,100%,raw-pc-write-spec,"155,986,749",2.210220
7,7,1804800,100%,raw-rc-ld-spec,"1,625,353",2.210220
7,7,1804800,100%,raw-rc-st-spec,"1,640,160",2.210220
7,7,1804800,100%,raw-remote-access,0,2.210220
7,7,1804800,100%,raw-remote-access-rd,0,2.210220
7,7,1804800,100%,raw-sample-collision,0,2.216713
7,7,1804800,100%,raw-sample-feed,0,2.216713
7,7,1804800,100%,raw-sample-filtrate,0,2.216713
7,7,1804800,100%,raw-sample-pop,0,2.216713
7,7,1804800,100%,raw-st-retired,0,2.216713
7,7,1804800,100%,raw-st-spec,"556,378,644",2.216713
7,7,1804800,100%,raw-stall,0,2.217322
7,7,1804800,100%,raw-stall-backend,"2,663,455,052",2.217322
7,7,1804800,100%,raw-stall-backend-mem,0,2.217322
7,7,1804800,100%,raw-stall-frontend,"200,296,289",2.217322
7,7,1804800,100%,raw-stall-slot,0,2.217322
7,7,1804800,100%,raw-stall-slot-backend,0,2.217322
7,7,1804800,100%,raw-stall-slot-frontend,0,2.211634
7,7,1804800,100%,raw-strex-fail-spec,0,2.211634
7,7,1804800,100%,raw-strex-pass-spec,"262,450",2.211634
7,7,1804800,100%,raw-strex-spec,"262,450",2.211634
7,7,1804800,100%,raw-sve-inst-retired,553,2.211634
7,7,1804800,100%,raw-sve-inst-spec,0,2.211634
7,7,1804800,100%,raw-sw-incr,0,2.217079
7,7,1804800,100%,raw-ttbr-write-retired,27,2.217079
7,7,1804800,100%,raw-unaligned-ld-spec,410,2.217079
7,7,1804800,100%,raw-unaligned-ldst-retired,0,2.217079
7,7,1804800,100%,raw-unaligned-ldst-spec,936,2.217079
7,7,1804800,100%,raw-unaligned-st-spec,526,2.217079
7,7,1804800,100%,raw-vfp-spec,"4,705",2.202376
7,7,2841600,100%,raw-ase-spec,161,2.110754
7,7,2841600,100%,raw-br-immed-retired,0,2.110754
7,7,2841600,100%,raw-br-immed-spec,"249,086,576",2.110754
7,7,2841600,100%,raw-br-indirect-spec,"13,070,874",2.110754
7,7,2841600,100%,raw-br-mis-pred,"374,166",2.110754
7,7,2841600,100%,raw-br-mis-pred-retired,"605,321",2.110754
7,7,2841600,100%,raw-br-pred,"260,136,189",2.109584
7,7,2841600,100%,raw-br-retired,"256,101,104",2.109584
7,7,2841600,100%,raw-br-return-retired,0,2.109584
7,7,2841600,100%,raw-br-return-spec,"10,576,906",2.109584
7,7,2841600,100%,raw-bus-access,"1,833,210,135",2.109584
7,7,2841600,100%,raw-bus-access-normal,0,2.109584
7,7,2841600,100%,raw-bus-access-not-shared,0,2.103100
7,7,2841600,100%,raw-bus-access-periph,0,2.103100
7,7,2841600,100%,raw-bus-access-rd,"916,943,944",2.103100
7,7,2841600,100%,raw-bus-access-shared,0,2.103100
7,7,2841600,100%,raw-bus-access-wr,"916,858,614",2.103100
7,7,2841600,100%,raw-bus-cycles,"5,967,624,705",2.103100
7,7,2841600,100%,raw-cid-write-retired,9,2.106396
7,7,2841600,100%,raw-cnt-cycles,0,2.106396
7,7,2841600,100%,raw-cpu-cycles,"5,976,994,112",2.106396
7,7,2841600,100%,raw-crypto-spec,0,2.106396
7,7,2841600,100%,raw-dmb-spec,"3,588,544",2.106396
7,7,2841600,100%,raw-dp-spec,"630,393,818",2.100817
7,7,2841600,100%,raw-dsb-spec,"5,757",2.100817
7,7,2841600,100%,raw-dtlb-walk,"3,557,432",2.100817
7,7,2841600,100%,raw-exc-dabort,"262,180",2.100817
7,7,2841600,100%,raw-exc-fiq,0,2.100817
7,7,2841600,100%,raw-exc-hvc,0,2.100817
7,7,2841600,100%,raw-exc-irq,842,2.096003
7,7,2841600,100%,raw-exc-pabort,12,2.096003
7,7,2841600,100%,raw-exc-return,"263,409",2.096003
7,7,2841600,100%,raw-exc-smc,0,2.096003
7,7,2841600,100%,raw-exc-svc,362,2.096003
7,7,2841600,100%,raw-exc-taken,"263,410",2.096003
7,7,2841600,100%,raw-exc-trap-dabort,0,2.103457
7,7,2841600,100%,raw-exc-trap-fiq,0,2.103457
7,7,2841600,100%,raw-exc-trap-irq,0,2.103457
7,7,2841600,100%,raw-exc-trap-other,9,2.103457
7,7,2841600,100%,raw-exc-trap-pabort,0,2.103457
7,7,2841600,100%,raw-exc-undef,6,2.103457
7,7,2841600,100%,raw-inst-retired,"2,262,476,681",2.099341
7,7,2841600,100%,raw-inst-spec,"2,304,054,398",2.099341
7,7,2841600,100%,raw-isb-spec,"1,659,827",2.099341
7,7,2841600,100%,raw-itlb-walk,448,2.099341
7,7,2841600,100%,raw-l1d-cache,"1,428,801,202",2.099341
7,7,2841600,100%,raw-l1d-cache-allocate,0,2.099341
7,7,2841600,100%,raw-l1d-cache-inval,"2,723,461",2.094255
7,7,2841600,100%,raw-l1d-cache-lmiss-rd,0,2.094255
7,7,2841600,100%,raw-l1d-cache-rd,"874,519,436",2.094255
7,7,2841600,100%,raw-l1d-cache-refill,"153,505,731",2.094255
7,7,2841600,100%,raw-l1d-cache-refill-inner,"128,467,580",2.094255
7,7,2841600,100%,raw-l1d-cache-refill-outer,"25,038,151",2.094255
7,7,2841600,100%,raw-l1d-cache-refill-rd,"40,505,607",2.101961
7,7,2841600,100%,raw-l1d-cache-refill-wr,"113,467,053",2.101961
7,7,2841600,100%,raw-l1d-cache-wb,"114,889,380",2.101961
7,7,2841600,100%,raw-l1d-cache-wb-clean,"2,918,725",2.101961
7,7,2841600,100%,raw-l1d-cache-wb-victim,"111,970,655",2.101961
7,7,2841600,100%,raw-l1d-cache-wr,"554,886,002",2.101961
7,7,2841600,100%,raw-l1d-tlb,"2,888,712,703",2.097598
7,7,2841600,100%,raw-l1d-tlb-rd,"1,163,029,433",2.097598
7,7,2841600,100%,raw-l1d-tlb-refill,"3,571,317",2.097598
7,7,2841600,100%,raw-l1d-tlb-refill-rd,"1,729,007",2.097598
7,7,2841600,100%,raw-l1d-tlb-refill-wr,"1,842,310",2.097598
7,7,2841600,100%,raw-l1d-tlb-wr,"1,725,683,270",2.097598
7,7,2841600,100%,raw-l1i-cache,"617,852,592",2.104034
7,7,2841600,100%,raw-l1i-cache-lmiss,0,2.104034
7,7,2841600,100%,raw-l1i-cache-refill,"168,140",2.104034
7,7,2841600,100%,raw-l1i-tlb,"488,100,868",2.104034
7,7,2841600,100%,raw-l1i-tlb-refill,532,2.104034
7,7,2841600,100%,raw-l2d-cache,"476,372,660",2.104034
7,7,2841600,100%,raw-l2d-cache-allocate,656,2.092374
7,7,2841600,100%,raw-l2d-cache-inval,"12,311",2.092374
7,7,2841600,100%,raw-l2d-cache-lmiss-rd,0,2.092374
7,7,2841600,100%,raw-l2d-cache-rd,"229,062,868",2.092374
7,7,2841600,100%,raw-l2d-cache-refill,"29,207,718",2.092374
7,7,2841600,100%,raw-l2d-cache-refill-rd,"29,207,718",2.092374
7,7,2841600,100%,raw-l2d-cache-refill-wr,0,2.100545
7,7,2841600,100%,raw-l2d-cache-wb,"229,190,456",2.100545
7,7,2841600,100%,raw-l2d-cache-wb-clean,"44,213",2.100545
7,7,2841600,100%,raw-l2d-cache-wb-victim,"229,146,243",2.100545
7,7,2841600,100%,raw-l2d-cache-wr,"244,448,260",2.100545
7,7,2841600,100%,raw-l2d-tlb,"4,715,107",2.100545
7,7,2841600,100%,raw-l2d-tlb-rd,"1,735,103",2.113035
7,7,2841600,100%,raw-l2d-tlb-refill,"3,558,458",2.113035
7,7,2841600,100%,raw-l2d-tlb-refill-rd,"3,289,328",2.113035
7,7,2841600,100%,raw-l2d-tlb-refill-wr,"269,130",2.113035
7,7,2841600,100%,raw-l2d-tlb-wr,"3,059,857",2.113035
7,7,2841600,100%,raw-l2i-cache,0,2.113035
7,7,2841600,100%,raw-l2i-cache-lmiss,0,2.108506
7,7,2841600,100%,raw-l2i-cache-refill,0,2.108506
7,7,2841600,100%,raw-l2i-tlb,0,2.108506
7,7,2841600,100%,raw-l2i-tlb-refill,0,2.108506
7,7,2841600,100%,raw-l3d-cache,"458,228,003",2.108506
7,7,2841600,100%,raw-l3d-cache-allocate,"229,044,403",2.108506
7,7,2841600,100%,raw-l3d-cache-inval,0,2.104042
7,7,2841600,100%,raw-l3d-cache-lmiss-rd,0,2.104042
7,7,2841600,100%,raw-l3d-cache-rd,"229,191,854",2.104042
7,7,2841600,100%,raw-l3d-cache-refill,"227,954,015",2.104042
7,7,2841600,100%,raw-l3d-cache-refill-rd,0,2.104042
7,7,2841600,100%,raw-l3d-cache-refill-wr,0,2.104042
7,7,2841600,100%,raw-l3d-cache-wb,0,2.093365
7,7,2841600,100%,raw-l3d-cache-wb-clean,0,2.093365
7,7,2841600,100%,raw-l3d-cache-wb-victim,0,2.093365
7,7,2841600,100%,raw-l3d-cache-wr,0,2.093365
7,7,2841600,100%,raw-ld-retired,0,2.093365
7,7,2841600,100%,raw-ld-spec,"876,599,978",2.093365
7,7,2841600,100%,raw-ldrex-spec,"262,477",2.106394
7,7,2841600,100%,raw-ldst-spec,0,2.106394
7,7,2841600,100%,raw-ll-cache,0,2.106394
7,7,2841600,100%,raw-ll-cache-miss,0,2.106394
7,7,2841600,100%,raw-ll-cache-miss-rd,"227,964,878",2.106394
7,7,2841600,100%,raw-ll-cache-rd,"229,322,007",2.106394
7,7,2841600,100%,raw-mem-access,"1,427,821,927",2.108151
7,7,2841600,100%,raw-mem-access-rd,"872,887,882",2.108151
7,7,2841600,100%,raw-mem-access-wr,"554,934,045",2.108151
7,7,2841600,100%,raw-memory-error,0,2.108151
7,7,2841600,100%,raw-op-retired,0,2.108151
7,7,2841600,100%,raw-op-spec,0,2.108151
7,7,2841600,100%,raw-pc-write-retired,0,2.111433
7,7,2841600,100%,raw-pc-write-spec,"189,470,590",2.111433
7,7,2841600,100%,raw-rc-ld-spec,"1,629,337",2.111433
7,7,2841600,100%,raw-rc-st-spec,"1,639,376",2.111433
7,7,2841600,100%,raw-remote-access,0,2.111433
7,7,2841600,100%,raw-remote-access-rd,0,2.111433
7,7,2841600,100%,raw-sample-collision,0,2.099733
7,7,2841600,100%,raw-sample-feed,0,2.099733
7,7,2841600,100%,raw-sample-filtrate,0,2.099733
7,7,2841600,100%,raw-sample-pop,0,2.099733
7,7,2841600,100%,raw-st-retired,0,2.099733
7,7,2841600,100%,raw-st-spec,"558,048,857",2.099733
7,7,2841600,100%,raw-stall,0,2.103323
7,7,2841600,100%,raw-stall-backend,"4,383,113,929",2.103323
7,7,2841600,100%,raw-stall-backend-mem,0,2.103323
7,7,2841600,100%,raw-stall-frontend,"320,156,307",2.103323
7,7,2841600,100%,raw-stall-slot,0,2.103323
7,7,2841600,100%,raw-stall-slot-backend,0,2.103323
7,7,2841600,100%,raw-stall-slot-frontend,0,2.103104
7,7,2841600,100%,raw-strex-fail-spec,0,2.103104
7,7,2841600,100%,raw-strex-pass-spec,"262,448",2.103104
7,7,2841600,100%,raw-strex-spec,"262,448",2.103104
7,7,2841600,100%,raw-sve-inst-retired,508,2.103104
7,7,2841600,100%,raw-sve-inst-spec,0,2.103104
7,7,2841600,100%,raw-sw-incr,0,2.111193
7,7,2841600,100%,raw-ttbr-write-retired,27,2.111193
7,7,2841600,100%,raw-unaligned-ld-spec,425,2.111193
7,7,2841600,100%,raw-unaligned-ldst-retired,0,2.111193
7,7,2841600,100%,raw-unaligned-ldst-spec,"1,020",2.111193
7,7,2841600,100%,raw-unaligned-st-spec,595,2.111193
7,7,2841600,100%,raw-vfp-spec,"4,927",2.106715
